-- MySQL dump 10.13  Distrib 5.7.17, for Win64 (x86_64)
--
-- Host: localhost    Database: dzoksrs_db
-- ------------------------------------------------------
-- Server version	5.7.20-log

/*!40101 SET @OLD_CHARACTER_SET_CLIENT=@@CHARACTER_SET_CLIENT */;
/*!40101 SET @OLD_CHARACTER_SET_RESULTS=@@CHARACTER_SET_RESULTS */;
/*!40101 SET @OLD_COLLATION_CONNECTION=@@COLLATION_CONNECTION */;
/*!40101 SET NAMES utf8 */;
/*!40103 SET @OLD_TIME_ZONE=@@TIME_ZONE */;
/*!40103 SET TIME_ZONE='+00:00' */;
/*!40014 SET @OLD_UNIQUE_CHECKS=@@UNIQUE_CHECKS, UNIQUE_CHECKS=0 */;
/*!40014 SET @OLD_FOREIGN_KEY_CHECKS=@@FOREIGN_KEY_CHECKS, FOREIGN_KEY_CHECKS=0 */;
/*!40101 SET @OLD_SQL_MODE=@@SQL_MODE, SQL_MODE='NO_AUTO_VALUE_ON_ZERO' */;
/*!40111 SET @OLD_SQL_NOTES=@@SQL_NOTES, SQL_NOTES=0 */;

--
-- Temporary view structure for view `aktivni_zaposleni`
--

DROP TABLE IF EXISTS `aktivni_zaposleni`;
/*!50001 DROP VIEW IF EXISTS `aktivni_zaposleni`*/;
SET @saved_cs_client     = @@character_set_client;
SET character_set_client = utf8;
/*!50001 CREATE VIEW `aktivni_zaposleni` AS SELECT 
 1 AS `Id`,
 1 AS `JMB`,
 1 AS `Ime`,
 1 AS `ImeRoditelja`,
 1 AS `Prezime`,
 1 AS `Pol`,
 1 AS `DatumRodjenja`,
 1 AS `Fotografija`,
 1 AS `DatumOd`,
 1 AS `DatumDo`,
 1 AS `Plata`,
 1 AS `Tip_Id`,
 1 AS `Tip`*/;
SET character_set_client = @saved_cs_client;

--
-- Table structure for table `clan`
--

DROP TABLE IF EXISTS `clan`;
/*!40101 SET @saved_cs_client     = @@character_set_client */;
/*!40101 SET character_set_client = utf8 */;
CREATE TABLE `clan` (
  `Aktivan` tinyint(4) NOT NULL,
  `Registrovan` tinyint(4) NOT NULL,
  `OSOBA_Id` int(11) NOT NULL,
  PRIMARY KEY (`OSOBA_Id`),
  CONSTRAINT `fk_CLAN_OSOBA1` FOREIGN KEY (`OSOBA_Id`) REFERENCES `osoba` (`Id`) ON DELETE NO ACTION ON UPDATE NO ACTION
) ENGINE=InnoDB DEFAULT CHARSET=utf8;
/*!40101 SET character_set_client = @saved_cs_client */;

--
-- Dumping data for table `clan`
--

LOCK TABLES `clan` WRITE;
/*!40000 ALTER TABLE `clan` DISABLE KEYS */;
INSERT INTO `clan` VALUES (1,1,3),(1,1,4),(1,1,5),(1,0,23),(1,1,24),(1,1,27),(1,1,29),(1,0,30),(1,0,31);
/*!40000 ALTER TABLE `clan` ENABLE KEYS */;
UNLOCK TABLES;

--
-- Table structure for table `clanarina`
--

DROP TABLE IF EXISTS `clanarina`;
/*!40101 SET @saved_cs_client     = @@character_set_client */;
/*!40101 SET character_set_client = utf8 */;
CREATE TABLE `clanarina` (
  `Mjesec` int(11) NOT NULL,
  `Godina` year(4) NOT NULL,
  `TRANSAKCIJA_Id` int(11) NOT NULL,
  `CLAN_OSOBA_Id` int(11) NOT NULL,
  PRIMARY KEY (`TRANSAKCIJA_Id`),
  KEY `fk_CLANARINA_CLAN1_idx` (`CLAN_OSOBA_Id`),
  CONSTRAINT `fk_CLANARINA_CLAN1` FOREIGN KEY (`CLAN_OSOBA_Id`) REFERENCES `clan` (`OSOBA_Id`) ON DELETE NO ACTION ON UPDATE NO ACTION,
  CONSTRAINT `fk_CLANARINA_TRANSAKCIJA1` FOREIGN KEY (`TRANSAKCIJA_Id`) REFERENCES `transakcija` (`Id`) ON DELETE NO ACTION ON UPDATE NO ACTION
) ENGINE=InnoDB DEFAULT CHARSET=utf8;
/*!40101 SET character_set_client = @saved_cs_client */;

--
-- Dumping data for table `clanarina`
--

LOCK TABLES `clanarina` WRITE;
/*!40000 ALTER TABLE `clanarina` DISABLE KEYS */;
INSERT INTO `clanarina` VALUES (3,2017,1,3),(4,2017,2,3),(4,2017,3,4);
/*!40000 ALTER TABLE `clanarina` ENABLE KEYS */;
UNLOCK TABLES;

--
-- Table structure for table `clanstvo`
--

DROP TABLE IF EXISTS `clanstvo`;
/*!40101 SET @saved_cs_client     = @@character_set_client */;
/*!40101 SET character_set_client = utf8 */;
CREATE TABLE `clanstvo` (
  `DatumOd` date NOT NULL,
  `DatumDo` date DEFAULT NULL,
  `CLAN_OSOBA_Id` int(11) NOT NULL,
  PRIMARY KEY (`DatumOd`,`CLAN_OSOBA_Id`),
  KEY `fk_CLANSTVO_CLAN1_idx` (`CLAN_OSOBA_Id`),
  CONSTRAINT `fk_CLANSTVO_CLAN1` FOREIGN KEY (`CLAN_OSOBA_Id`) REFERENCES `clan` (`OSOBA_Id`) ON DELETE NO ACTION ON UPDATE NO ACTION
) ENGINE=InnoDB DEFAULT CHARSET=utf8;
/*!40101 SET character_set_client = @saved_cs_client */;

--
-- Dumping data for table `clanstvo`
--

LOCK TABLES `clanstvo` WRITE;
/*!40000 ALTER TABLE `clanstvo` DISABLE KEYS */;
INSERT INTO `clanstvo` VALUES ('2017-12-22',NULL,23);
/*!40000 ALTER TABLE `clanstvo` ENABLE KEYS */;
UNLOCK TABLES;

--
-- Table structure for table `distributer_opreme`
--

DROP TABLE IF EXISTS `distributer_opreme`;
/*!40101 SET @saved_cs_client     = @@character_set_client */;
/*!40101 SET character_set_client = utf8 */;
CREATE TABLE `distributer_opreme` (
  `Id` int(11) NOT NULL AUTO_INCREMENT,
  `Naziv` varchar(45) NOT NULL,
  `Telefon` varchar(45) DEFAULT NULL,
  `Adresa` varchar(45) DEFAULT NULL,
  `Mail` varchar(45) DEFAULT NULL,
  PRIMARY KEY (`Id`)
) ENGINE=InnoDB AUTO_INCREMENT=4 DEFAULT CHARSET=utf8;
/*!40101 SET character_set_client = @saved_cs_client */;

--
-- Dumping data for table `distributer_opreme`
--

LOCK TABLES `distributer_opreme` WRITE;
/*!40000 ALTER TABLE `distributer_opreme` DISABLE KEYS */;
INSERT INTO `distributer_opreme` VALUES (1,'MalinaDOO','051/123-456','Krfska 60C',NULL),(2,'BradaDOO','051/125-345','Brace Jugovica 100',NULL),(3,'JovoDOO','051/125-645','Marka Kraljevica 150','joco95@gmail.com');
/*!40000 ALTER TABLE `distributer_opreme` ENABLE KEYS */;
UNLOCK TABLES;

--
-- Table structure for table `dnevni_red_stavka`
--

DROP TABLE IF EXISTS `dnevni_red_stavka`;
/*!40101 SET @saved_cs_client     = @@character_set_client */;
/*!40101 SET character_set_client = utf8 */;
CREATE TABLE `dnevni_red_stavka` (
  `RedniBroj` int(11) NOT NULL,
  `Naslov` varchar(45) NOT NULL,
  `Tekst` varchar(1000) DEFAULT NULL,
  `SKUPSTINA_Id` int(11) NOT NULL,
  PRIMARY KEY (`RedniBroj`,`SKUPSTINA_Id`),
  KEY `fk_DNEVNI_RED_STAVKA_SKUPSTINA1_idx` (`SKUPSTINA_Id`),
  CONSTRAINT `fk_DNEVNI_RED_STAVKA_SKUPSTINA1` FOREIGN KEY (`SKUPSTINA_Id`) REFERENCES `skupstina` (`Id`) ON DELETE NO ACTION ON UPDATE NO ACTION
) ENGINE=InnoDB DEFAULT CHARSET=utf8;
/*!40101 SET character_set_client = @saved_cs_client */;

--
-- Dumping data for table `dnevni_red_stavka`
--

LOCK TABLES `dnevni_red_stavka` WRITE;
/*!40000 ALTER TABLE `dnevni_red_stavka` DISABLE KEYS */;
INSERT INTO `dnevni_red_stavka` VALUES (1,'Izbor trenera','Lorem ipsum dolor sit amet, consectetur adipiscing elit. Nam volutpat posuere purus.',3),(1,'Kupovina namirnica','Svjezi odojak = 500 KM',4),(1,'8. mart','14. februar.',5),(1,'Odrzavanje memorijalnog turnira','Memorijalni turnir.',6),(2,'Izbor direktora','Lorem ipsum dolor sit amet, consectetur adipiscing elit.',3),(2,'Odrzavanje turnira','Treba odrzati turnir.',4),(2,'Usvajanje budzeta','Koliki treba budzet?',6),(3,'Organizovanje turnira','Turnir u BL.',3);
/*!40000 ALTER TABLE `dnevni_red_stavka` ENABLE KEYS */;
UNLOCK TABLES;

--
-- Table structure for table `dogadjaj`
--

DROP TABLE IF EXISTS `dogadjaj`;
/*!40101 SET @saved_cs_client     = @@character_set_client */;
/*!40101 SET character_set_client = utf8 */;
CREATE TABLE `dogadjaj` (
  `Id` int(11) NOT NULL AUTO_INCREMENT,
  `Opis` varchar(500) DEFAULT NULL,
  `DOGADJAJ_TIP_Id` int(11) NOT NULL,
  `KORISNICKI_NALOG_Id` int(11) NOT NULL,
  `Pocetak` datetime NOT NULL,
  `Kraj` datetime NOT NULL,
  PRIMARY KEY (`Id`),
  KEY `fk_DOGADJAJ_DOGADJAJ_TIP1_idx` (`DOGADJAJ_TIP_Id`),
  KEY `fk_DOGADJAJ_KORISNICKI_NALOG1_idx` (`KORISNICKI_NALOG_Id`),
  CONSTRAINT `fk_DOGADJAJ_DOGADJAJ_TIP1` FOREIGN KEY (`DOGADJAJ_TIP_Id`) REFERENCES `dogadjaj_tip` (`Id`) ON DELETE NO ACTION ON UPDATE NO ACTION,
  CONSTRAINT `fk_DOGADJAJ_KORISNICKI_NALOG1` FOREIGN KEY (`KORISNICKI_NALOG_Id`) REFERENCES `korisnicki_nalog` (`Id`) ON DELETE NO ACTION ON UPDATE NO ACTION
) ENGINE=InnoDB AUTO_INCREMENT=3 DEFAULT CHARSET=utf8;
/*!40101 SET character_set_client = @saved_cs_client */;

--
-- Dumping data for table `dogadjaj`
--

LOCK TABLES `dogadjaj` WRITE;
/*!40000 ALTER TABLE `dogadjaj` DISABLE KEYS */;
INSERT INTO `dogadjaj` VALUES (1,'Zakazan trening',1,2,'2018-01-10 07:00:00','2018-01-10 08:30:00'),(2,'Zakazana skupstina',1,2,'2018-01-24 18:00:00','2018-01-24 20:00:00');
/*!40000 ALTER TABLE `dogadjaj` ENABLE KEYS */;
UNLOCK TABLES;

--
-- Table structure for table `dogadjaj_tip`
--

DROP TABLE IF EXISTS `dogadjaj_tip`;
/*!40101 SET @saved_cs_client     = @@character_set_client */;
/*!40101 SET character_set_client = utf8 */;
CREATE TABLE `dogadjaj_tip` (
  `Id` int(11) NOT NULL AUTO_INCREMENT,
  `Tip` varchar(45) NOT NULL,
  PRIMARY KEY (`Id`)
) ENGINE=InnoDB AUTO_INCREMENT=3 DEFAULT CHARSET=utf8;
/*!40101 SET character_set_client = @saved_cs_client */;

--
-- Dumping data for table `dogadjaj_tip`
--

LOCK TABLES `dogadjaj_tip` WRITE;
/*!40000 ALTER TABLE `dogadjaj_tip` DISABLE KEYS */;
INSERT INTO `dogadjaj_tip` VALUES (1,'Trening'),(2,'Skupstina');
/*!40000 ALTER TABLE `dogadjaj_tip` ENABLE KEYS */;
UNLOCK TABLES;

--
-- Table structure for table `donacija`
--

DROP TABLE IF EXISTS `donacija`;
/*!40101 SET @saved_cs_client     = @@character_set_client */;
/*!40101 SET character_set_client = utf8 */;
CREATE TABLE `donacija` (
  `RedniBroj` int(11) NOT NULL,
  `Opis` varchar(500) DEFAULT NULL,
  `Kolicina` decimal(8,2) DEFAULT NULL,
  `NovcaniIznos` decimal(8,2) DEFAULT NULL,
  `NovcanaDonacija` tinyint(4) NOT NULL,
  `Obradjeno` tinyint(4) NOT NULL,
  `SPONZOR_Id` int(11) NOT NULL,
  `UGOVOR_RedniBroj` int(11) NOT NULL,
  `OPREMA_TIP_Id` int(11) DEFAULT NULL,
  `TRANSAKCIJA_Id` int(11) DEFAULT NULL,
  PRIMARY KEY (`RedniBroj`,`SPONZOR_Id`,`UGOVOR_RedniBroj`),
  KEY `fk_UGOVOR_SPONZOR_DONACIJA` (`SPONZOR_Id`,`UGOVOR_RedniBroj`),
  KEY `fk_DONACIJA_OPREMA_TIP` (`OPREMA_TIP_Id`),
  KEY `fk_DONACIJA_TRANSAKCIJA` (`TRANSAKCIJA_Id`),
  CONSTRAINT `fk_DONACIJA_OPREMA_TIP` FOREIGN KEY (`OPREMA_TIP_Id`) REFERENCES `oprema_tip` (`Id`),
  CONSTRAINT `fk_DONACIJA_TRANSAKCIJA` FOREIGN KEY (`TRANSAKCIJA_Id`) REFERENCES `transakcija` (`Id`),
  CONSTRAINT `fk_UGOVOR_SPONZOR_DONACIJA` FOREIGN KEY (`SPONZOR_Id`, `UGOVOR_RedniBroj`) REFERENCES `ugovor_sponzor` (`SPONZOR_Id`, `RedniBroj`)
) ENGINE=InnoDB DEFAULT CHARSET=utf8;
/*!40101 SET character_set_client = @saved_cs_client */;

--
-- Dumping data for table `donacija`
--

LOCK TABLES `donacija` WRITE;
/*!40000 ALTER TABLE `donacija` DISABLE KEYS */;
INSERT INTO `donacija` VALUES (1,'Novcana donacija',NULL,500.00,1,0,5,2,NULL,NULL),(1,'Donacija sorceva',30.00,NULL,0,0,5,3,3,NULL),(1,'Novcana donacija',NULL,300.00,1,0,6,2,NULL,NULL),(1,'Donacija stolova',2.00,NULL,0,1,7,2,5,NULL),(2,'Novcana donacija',NULL,500.00,1,0,5,2,NULL,NULL),(2,'Donacija majica',30.00,NULL,0,0,5,3,1,NULL),(2,'Novcana donacija',NULL,300.00,1,0,6,2,NULL,NULL);
/*!40000 ALTER TABLE `donacija` ENABLE KEYS */;
UNLOCK TABLES;

--
-- Temporary view structure for view `donacija_detaljno`
--

DROP TABLE IF EXISTS `donacija_detaljno`;
/*!50001 DROP VIEW IF EXISTS `donacija_detaljno`*/;
SET @saved_cs_client     = @@character_set_client;
SET character_set_client = utf8;
/*!50001 CREATE VIEW `donacija_detaljno` AS SELECT 
 1 AS `SponzorId`,
 1 AS `Naziv`,
 1 AS `Adresa`,
 1 AS `Mail`,
 1 AS `UgovorRb`,
 1 AS `DatumOd`,
 1 AS `DatumDo`,
 1 AS `UgovorOpis`,
 1 AS `DonacijaRb`,
 1 AS `DonacijaOpis`,
 1 AS `Kolicina`,
 1 AS `NovcaniIznos`,
 1 AS `NovcanaDonacija`,
 1 AS `Obradjeno`,
 1 AS `TRANSAKCIJA_Id`,
 1 AS `OPREMA_TIP_Id`,
 1 AS `Tip`,
 1 AS `Model`,
 1 AS `Proizvodjac`,
 1 AS `ImaVelicinu`*/;
SET character_set_client = @saved_cs_client;

--
-- Table structure for table `izvjestaj_stavka`
--

DROP TABLE IF EXISTS `izvjestaj_stavka`;
/*!40101 SET @saved_cs_client     = @@character_set_client */;
/*!40101 SET character_set_client = utf8 */;
CREATE TABLE `izvjestaj_stavka` (
  `RedniBroj` int(11) NOT NULL,
  `Naslov` varchar(45) NOT NULL,
  `Tekst` varchar(1000) DEFAULT NULL,
  `SKUPSTINA_Id` int(11) NOT NULL DEFAULT '0',
  PRIMARY KEY (`RedniBroj`,`SKUPSTINA_Id`),
  KEY `fk_IZVJESTAJ_STAVKA_SKUPSTINA1_idx` (`SKUPSTINA_Id`),
  CONSTRAINT `fk_IZVJESTAJ_STAVKA_SKUPSTINA1` FOREIGN KEY (`SKUPSTINA_Id`) REFERENCES `skupstina` (`Id`) ON DELETE NO ACTION ON UPDATE NO ACTION
) ENGINE=InnoDB DEFAULT CHARSET=utf8;
/*!40101 SET character_set_client = @saved_cs_client */;

--
-- Dumping data for table `izvjestaj_stavka`
--

LOCK TABLES `izvjestaj_stavka` WRITE;
/*!40000 ALTER TABLE `izvjestaj_stavka` DISABLE KEYS */;
INSERT INTO `izvjestaj_stavka` VALUES (1,'Odojak','Odojak kupljen i pojeden.',4),(1,'8. mart','Ipak je 8. mart.',5),(2,'Turnir','Turnir odrzan.',4);
/*!40000 ALTER TABLE `izvjestaj_stavka` ENABLE KEYS */;
UNLOCK TABLES;

--
-- Table structure for table `kategorija`
--

DROP TABLE IF EXISTS `kategorija`;
/*!40101 SET @saved_cs_client     = @@character_set_client */;
/*!40101 SET character_set_client = utf8 */;
CREATE TABLE `kategorija` (
  `Id` int(11) NOT NULL AUTO_INCREMENT,
  `Naziv` varchar(45) NOT NULL,
  `Link` varchar(255) DEFAULT NULL,
  PRIMARY KEY (`Id`)
) ENGINE=InnoDB AUTO_INCREMENT=11 DEFAULT CHARSET=utf8;
/*!40101 SET character_set_client = @saved_cs_client */;

--
-- Dumping data for table `kategorija`
--

LOCK TABLES `kategorija` WRITE;
/*!40000 ALTER TABLE `kategorija` DISABLE KEYS */;
INSERT INTO `kategorija` VALUES (1,'Senior','http://www.stsbih.com.ba/index.php/rang-liste/seniori'),(2,'Seniorka','http://www.stsbih.com.ba/index.php/rang-liste/seniorke'),(3,'Junior','http://www.stsbih.com.ba/index.php/rang-liste/juniori'),(4,'Juniorka','http://www.stsbih.com.ba/index.php/rang-liste/juniorke'),(5,'Kadet','http://www.stsbih.com.ba/index.php/rang-liste/kadeti'),(6,'Kadetkinja','http://www.stsbih.com.ba/index.php/rang-liste/kadetkinje'),(7,'Mlađi kadet','http://www.stsbih.com.ba/index.php/rang-liste/mladi-kadeti'),(8,'Mlađa kadetkinja','http://www.stsbih.com.ba/index.php/rang-liste/mlade-kadetkinje'),(9,'Najmlađi kadet','http://www.stsbih.com.ba/index.php/rang-liste/najmladi-kadeti'),(10,'Najmlađa kadetkinja','http://www.stsbih.com.ba/index.php/rang-liste/najmlade-kadetkinje');
/*!40000 ALTER TABLE `kategorija` ENABLE KEYS */;
UNLOCK TABLES;

--
-- Table structure for table `korisnicki_nalog`
--

DROP TABLE IF EXISTS `korisnicki_nalog`;
/*!40101 SET @saved_cs_client     = @@character_set_client */;
/*!40101 SET character_set_client = utf8 */;
CREATE TABLE `korisnicki_nalog` (
  `Id` int(11) NOT NULL AUTO_INCREMENT,
  `KorisnickoIme` varchar(20) NOT NULL,
  `LozinkaHash` binary(60) DEFAULT NULL,
  `DatumRegistracije` date NOT NULL,
  `Aktivan` tinyint(4) NOT NULL,
  `ULOGA_Id` int(11) NOT NULL,
  `ZAPOSLENI_Id` int(11) DEFAULT NULL,
  PRIMARY KEY (`Id`),
  UNIQUE KEY `KorisnickoIme_UNIQUE` (`KorisnickoIme`),
  KEY `fk_KORISNIK_ULOGA1_idx` (`ULOGA_Id`),
  KEY `fk_KORISNICKI_NALOG_ZAPOSLENI1_idx` (`ZAPOSLENI_Id`),
  CONSTRAINT `fk_KORISNICKI_NALOG_ZAPOSLENI1` FOREIGN KEY (`ZAPOSLENI_Id`) REFERENCES `zaposleni` (`OSOBA_Id`) ON DELETE NO ACTION ON UPDATE NO ACTION,
  CONSTRAINT `fk_KORISNIK_ULOGA1` FOREIGN KEY (`ULOGA_Id`) REFERENCES `korisnicki_nalog_tip` (`Id`) ON DELETE NO ACTION ON UPDATE NO ACTION
) ENGINE=InnoDB AUTO_INCREMENT=15 DEFAULT CHARSET=utf8;
/*!40101 SET character_set_client = @saved_cs_client */;

--
-- Dumping data for table `korisnicki_nalog`
--

LOCK TABLES `korisnicki_nalog` WRITE;
/*!40000 ALTER TABLE `korisnicki_nalog` DISABLE KEYS */;
INSERT INTO `korisnicki_nalog` VALUES (1,'Admin','$2a$12$hZFea90kEzpJbomE3ldiA.8gSsGBhz2GPZuNlVabtsdlf4EejeDOS','2018-01-01',1,1,NULL),(2,'petar123',NULL,'2018-01-05',0,2,18),(3,'marko123',NULL,'2018-01-05',0,2,16),(6,'markom','$2a$12$kdOdFpdUC1C/00zfq9X2B.bAIT5pCUiYTVgbe49HMN27B8fXG7i/G','2018-01-05',1,3,16),(7,'dejan123','$2a$12$.i10BLtDICH/DUdGtqwFzOq7MfsCBn6trYsi0kPEiXzOUIgIssfsi','2018-01-05',1,5,34),(8,'sekretar','$2a$12$HU6oAh1Ya5aiSCxOySPyYuvR5xT/4rWV5dw2/eeov5Ml4ppLgAU8W','2018-01-05',1,2,19),(11,'racunovodja',NULL,'2017-01-01',1,4,NULL),(13,'user','$2a$12$duyYn/SDoTPcnSxil3PfGOXuJZPTjxGwa64eVM9qnYgd2ZaTF22ea','2018-01-05',1,4,16),(14,'maja','$2a$12$6ghCkTROnWC6efQ5wu2i0.2HJS26nrVpI76AMw/xhQBJyPuBxf5MW','2018-01-05',1,4,20);
/*!40000 ALTER TABLE `korisnicki_nalog` ENABLE KEYS */;
UNLOCK TABLES;

--
-- Table structure for table `korisnicki_nalog_tip`
--

DROP TABLE IF EXISTS `korisnicki_nalog_tip`;
/*!40101 SET @saved_cs_client     = @@character_set_client */;
/*!40101 SET character_set_client = utf8 */;
CREATE TABLE `korisnicki_nalog_tip` (
  `Id` int(11) NOT NULL AUTO_INCREMENT COMMENT 'Moguce mjenjanje imena tabele',
  `Naziv` varchar(45) NOT NULL,
  PRIMARY KEY (`Id`)
) ENGINE=InnoDB AUTO_INCREMENT=6 DEFAULT CHARSET=utf8;
/*!40101 SET character_set_client = @saved_cs_client */;

--
-- Dumping data for table `korisnicki_nalog_tip`
--

LOCK TABLES `korisnicki_nalog_tip` WRITE;
/*!40000 ALTER TABLE `korisnicki_nalog_tip` DISABLE KEYS */;
INSERT INTO `korisnicki_nalog_tip` VALUES (1,'Administrator'),(2,'Sekretar'),(3,'Trener'),(4,'Računovođa'),(5,'Organizator turnira');
/*!40000 ALTER TABLE `korisnicki_nalog_tip` ENABLE KEYS */;
UNLOCK TABLES;

--
-- Table structure for table `mec`
--

DROP TABLE IF EXISTS `mec`;
/*!40101 SET @saved_cs_client     = @@character_set_client */;
/*!40101 SET character_set_client = utf8 */;
CREATE TABLE `mec` (
  `RUNDA_ZRIJEB_Id` int(11) NOT NULL,
  `RUNDA_Broj` int(11) NOT NULL,
  `RedniBroj` int(11) NOT NULL,
  `Rezultat` char(3) DEFAULT NULL,
  `TIM1_Id` int(11) DEFAULT NULL,
  `TIM2_Id` int(11) DEFAULT NULL,
  PRIMARY KEY (`RUNDA_ZRIJEB_Id`,`RUNDA_Broj`,`RedniBroj`),
  KEY `fk_MEC_TIM1_idx` (`TIM1_Id`),
  KEY `fk_MEC_TIM2_idx` (`TIM2_Id`),
  CONSTRAINT `fk_MEC_RUNDA1` FOREIGN KEY (`RUNDA_ZRIJEB_Id`, `RUNDA_Broj`) REFERENCES `runda` (`ZRIJEB_Id`, `Broj`) ON DELETE NO ACTION ON UPDATE NO ACTION,
  CONSTRAINT `fk_MEC_TIM1` FOREIGN KEY (`TIM1_Id`) REFERENCES `tim` (`Id`) ON DELETE NO ACTION ON UPDATE NO ACTION,
  CONSTRAINT `fk_MEC_TIM2` FOREIGN KEY (`TIM2_Id`) REFERENCES `tim` (`Id`) ON DELETE NO ACTION ON UPDATE NO ACTION
) ENGINE=InnoDB DEFAULT CHARSET=utf8;
/*!40101 SET character_set_client = @saved_cs_client */;

--
-- Dumping data for table `mec`
--

LOCK TABLES `mec` WRITE;
/*!40000 ALTER TABLE `mec` DISABLE KEYS */;
/*!40000 ALTER TABLE `mec` ENABLE KEYS */;
UNLOCK TABLES;

--
-- Table structure for table `narudzba`
--

DROP TABLE IF EXISTS `narudzba`;
/*!40101 SET @saved_cs_client     = @@character_set_client */;
/*!40101 SET character_set_client = utf8 */;
CREATE TABLE `narudzba` (
  `Id` int(11) NOT NULL AUTO_INCREMENT,
  `Datum` date NOT NULL,
  `OpremaKluba` tinyint(4) NOT NULL,
  `Obradjeno` tinyint(4) NOT NULL,
  `DISTRIBUTER_OPREME_Id` int(11) NOT NULL,
  `Obrisan` tinyint(4) NOT NULL,
  PRIMARY KEY (`Id`),
  KEY `fk_NARUDZBA_DISTRIBUTER_OPREME1_idx` (`DISTRIBUTER_OPREME_Id`),
  CONSTRAINT `fk_NARUDZBA_DISTRIBUTER_OPREME1` FOREIGN KEY (`DISTRIBUTER_OPREME_Id`) REFERENCES `distributer_opreme` (`Id`) ON DELETE NO ACTION ON UPDATE NO ACTION
) ENGINE=InnoDB AUTO_INCREMENT=3 DEFAULT CHARSET=utf8;
/*!40101 SET character_set_client = @saved_cs_client */;

--
-- Dumping data for table `narudzba`
--

LOCK TABLES `narudzba` WRITE;
/*!40000 ALTER TABLE `narudzba` DISABLE KEYS */;
INSERT INTO `narudzba` VALUES (1,'2017-08-21',0,1,1,0),(2,'2017-09-21',1,1,3,0);
/*!40000 ALTER TABLE `narudzba` ENABLE KEYS */;
UNLOCK TABLES;

--
-- Table structure for table `narudzba_stavka`
--

DROP TABLE IF EXISTS `narudzba_stavka`;
/*!40101 SET @saved_cs_client     = @@character_set_client */;
/*!40101 SET character_set_client = utf8 */;
CREATE TABLE `narudzba_stavka` (
  `NARUDZBA_Id` int(11) NOT NULL,
  `OPREMA_TIP_Id` int(11) NOT NULL,
  `Velicina` varchar(10) NOT NULL,
  `Kolicina` int(11) NOT NULL,
  `Cijena` decimal(8,2) NOT NULL,
  `Obradjeno` tinyint(4) NOT NULL,
  PRIMARY KEY (`NARUDZBA_Id`,`OPREMA_TIP_Id`,`Velicina`),
  KEY `fk_NARUDZBA_has_OPREMA_TIP_OPREMA_TIP1_idx` (`OPREMA_TIP_Id`),
  KEY `fk_NARUDZBA_has_OPREMA_TIP_NARUDZBA1_idx` (`NARUDZBA_Id`),
  CONSTRAINT `fk_NARUDZBA_has_OPREMA_TIP_NARUDZBA1` FOREIGN KEY (`NARUDZBA_Id`) REFERENCES `narudzba` (`Id`) ON DELETE NO ACTION ON UPDATE NO ACTION,
  CONSTRAINT `fk_NARUDZBA_has_OPREMA_TIP_OPREMA_TIP1` FOREIGN KEY (`OPREMA_TIP_Id`) REFERENCES `oprema_tip` (`Id`) ON DELETE NO ACTION ON UPDATE NO ACTION
) ENGINE=InnoDB DEFAULT CHARSET=utf8;
/*!40101 SET character_set_client = @saved_cs_client */;

--
-- Dumping data for table `narudzba_stavka`
--

LOCK TABLES `narudzba_stavka` WRITE;
/*!40000 ALTER TABLE `narudzba_stavka` DISABLE KEYS */;
INSERT INTO `narudzba_stavka` VALUES (1,1,'L',1,15.00,1),(1,1,'XL',2,15.00,1),(1,2,'S',1,12.50,1),(2,5,'-',5,1350.00,1);
/*!40000 ALTER TABLE `narudzba_stavka` ENABLE KEYS */;
UNLOCK TABLES;

--
-- Table structure for table `novcana_sredstva`
--

DROP TABLE IF EXISTS `novcana_sredstva`;
/*!40101 SET @saved_cs_client     = @@character_set_client */;
/*!40101 SET character_set_client = utf8 */;
CREATE TABLE `novcana_sredstva` (
  `Id` int(11) NOT NULL AUTO_INCREMENT,
  `Sezona` char(9) NOT NULL,
  `Budzet` decimal(8,2) NOT NULL,
  `Prihodi` decimal(8,2) NOT NULL,
  `Rashodi` decimal(8,2) NOT NULL,
  `Obrisan` tinyint(1) NOT NULL,
  PRIMARY KEY (`Id`)
) ENGINE=InnoDB DEFAULT CHARSET=utf8;
/*!40101 SET character_set_client = @saved_cs_client */;

--
-- Dumping data for table `novcana_sredstva`
--

LOCK TABLES `novcana_sredstva` WRITE;
/*!40000 ALTER TABLE `novcana_sredstva` DISABLE KEYS */;
/*!40000 ALTER TABLE `novcana_sredstva` ENABLE KEYS */;
UNLOCK TABLES;

--
-- Table structure for table `oprema`
--

DROP TABLE IF EXISTS `oprema`;
/*!40101 SET @saved_cs_client     = @@character_set_client */;
/*!40101 SET character_set_client = utf8 */;
CREATE TABLE `oprema` (
  `Id` int(11) NOT NULL AUTO_INCREMENT,
  `OPREMA_TIP_Id` int(11) NOT NULL,
  `NARUDZBA_Id` int(11) DEFAULT NULL,
  `Obrisan` tinyint(4) NOT NULL,
  `Velicina` varchar(10) NOT NULL,
  PRIMARY KEY (`Id`),
  KEY `fk_OPREMA_OPREMA_TIP1_idx` (`OPREMA_TIP_Id`),
  KEY `fk_OPREMA_NARUDZBA1_idx` (`NARUDZBA_Id`),
  CONSTRAINT `fk_OPREMA_NARUDZBA1` FOREIGN KEY (`NARUDZBA_Id`) REFERENCES `narudzba` (`Id`) ON DELETE NO ACTION ON UPDATE NO ACTION,
  CONSTRAINT `fk_OPREMA_OPREMA_TIP1` FOREIGN KEY (`OPREMA_TIP_Id`) REFERENCES `oprema_tip` (`Id`) ON DELETE NO ACTION ON UPDATE NO ACTION
) ENGINE=InnoDB AUTO_INCREMENT=12 DEFAULT CHARSET=utf8;
/*!40101 SET character_set_client = @saved_cs_client */;

--
-- Dumping data for table `oprema`
--

LOCK TABLES `oprema` WRITE;
/*!40000 ALTER TABLE `oprema` DISABLE KEYS */;
INSERT INTO `oprema` VALUES (1,5,2,0,'-'),(2,5,2,0,'-'),(3,5,2,1,'-'),(4,5,2,0,'-'),(5,5,2,0,'-'),(6,1,1,1,'XL'),(7,1,1,0,'XL'),(8,1,1,0,'L'),(9,2,1,0,'S'),(10,5,NULL,0,'-'),(11,5,NULL,0,'-');
/*!40000 ALTER TABLE `oprema` ENABLE KEYS */;
UNLOCK TABLES;

--
-- Table structure for table `oprema_clan`
--

DROP TABLE IF EXISTS `oprema_clan`;
/*!40101 SET @saved_cs_client     = @@character_set_client */;
/*!40101 SET character_set_client = utf8 */;
CREATE TABLE `oprema_clan` (
  `OPREMA_Id` int(11) NOT NULL,
  `CLAN_Id` int(11) NOT NULL,
  PRIMARY KEY (`OPREMA_Id`),
  KEY `fk_OPREMA_CLAN_CLAN1_idx` (`CLAN_Id`),
  CONSTRAINT `fk_OPREMA_CLAN_CLAN1` FOREIGN KEY (`CLAN_Id`) REFERENCES `clan` (`OSOBA_Id`) ON DELETE NO ACTION ON UPDATE NO ACTION,
  CONSTRAINT `fk_OPREMA_CLAN_OPREMA1` FOREIGN KEY (`OPREMA_Id`) REFERENCES `oprema` (`Id`) ON DELETE NO ACTION ON UPDATE NO ACTION
) ENGINE=InnoDB DEFAULT CHARSET=utf8;
/*!40101 SET character_set_client = @saved_cs_client */;

--
-- Dumping data for table `oprema_clan`
--

LOCK TABLES `oprema_clan` WRITE;
/*!40000 ALTER TABLE `oprema_clan` DISABLE KEYS */;
INSERT INTO `oprema_clan` VALUES (7,3),(8,3),(6,4),(9,4);
/*!40000 ALTER TABLE `oprema_clan` ENABLE KEYS */;
UNLOCK TABLES;

--
-- Table structure for table `oprema_klub`
--

DROP TABLE IF EXISTS `oprema_klub`;
/*!40101 SET @saved_cs_client     = @@character_set_client */;
/*!40101 SET character_set_client = utf8 */;
CREATE TABLE `oprema_klub` (
  `Opis` varchar(200) NOT NULL,
  `Aktivan` tinyint(4) NOT NULL,
  `OPREMA_Id` int(11) NOT NULL,
  `Donirana` tinyint(4) NOT NULL,
  `DONACIJA_SPONZOR_Id` int(11) DEFAULT NULL,
  `DONACIJA_UGOVOR_RedniBroj` int(11) DEFAULT NULL,
  `DONACIJA_RedniBroj` int(11) DEFAULT NULL,
  PRIMARY KEY (`OPREMA_Id`),
  KEY `fk_OPREMA_DONACIJA` (`DONACIJA_SPONZOR_Id`,`DONACIJA_UGOVOR_RedniBroj`,`DONACIJA_RedniBroj`),
  CONSTRAINT `fk_OPREMA_DONACIJA` FOREIGN KEY (`DONACIJA_SPONZOR_Id`, `DONACIJA_UGOVOR_RedniBroj`, `DONACIJA_RedniBroj`) REFERENCES `donacija` (`SPONZOR_Id`, `UGOVOR_RedniBroj`, `RedniBroj`),
  CONSTRAINT `fk_OPREMA_KLUB_OPREMA1` FOREIGN KEY (`OPREMA_Id`) REFERENCES `oprema` (`Id`) ON DELETE NO ACTION ON UPDATE NO ACTION
) ENGINE=InnoDB DEFAULT CHARSET=utf8;
/*!40101 SET character_set_client = @saved_cs_client */;

--
-- Dumping data for table `oprema_klub`
--

LOCK TABLES `oprema_klub` WRITE;
/*!40000 ALTER TABLE `oprema_klub` DISABLE KEYS */;
INSERT INTO `oprema_klub` VALUES ('Nova oprema.',1,1,0,NULL,NULL,NULL),('Nova oprema.',1,2,0,NULL,NULL,NULL),('Nova oprema.',1,3,0,NULL,NULL,NULL),('Nova oprema.',1,4,0,NULL,NULL,NULL),('',1,5,0,NULL,NULL,NULL),('OPis',1,10,1,7,2,1),('OPis',1,11,1,7,2,1);
/*!40000 ALTER TABLE `oprema_klub` ENABLE KEYS */;
UNLOCK TABLES;

--
-- Table structure for table `oprema_tip`
--

DROP TABLE IF EXISTS `oprema_tip`;
/*!40101 SET @saved_cs_client     = @@character_set_client */;
/*!40101 SET character_set_client = utf8 */;
CREATE TABLE `oprema_tip` (
  `Id` int(11) NOT NULL AUTO_INCREMENT,
  `Tip` varchar(45) NOT NULL,
  `Proizvodjac` varchar(45) NOT NULL,
  `Model` varchar(45) NOT NULL,
  `ImaVelicinu` tinyint(4) NOT NULL,
  PRIMARY KEY (`Id`)
) ENGINE=InnoDB AUTO_INCREMENT=6 DEFAULT CHARSET=utf8;
/*!40101 SET character_set_client = @saved_cs_client */;

--
-- Dumping data for table `oprema_tip`
--

LOCK TABLES `oprema_tip` WRITE;
/*!40000 ALTER TABLE `oprema_tip` DISABLE KEYS */;
INSERT INTO `oprema_tip` VALUES (1,'Majica','Adidas','M100',1),(2,'Majica','Adidas','Z150',1),(3,'Sorc','Tibhar','M1543',1),(4,'Duks','Nike','Z342',1),(5,'Sto','Tibhar','S786',0);
/*!40000 ALTER TABLE `oprema_tip` ENABLE KEYS */;
UNLOCK TABLES;

--
-- Table structure for table `osoba`
--

DROP TABLE IF EXISTS `osoba`;
/*!40101 SET @saved_cs_client     = @@character_set_client */;
/*!40101 SET character_set_client = utf8 */;
CREATE TABLE `osoba` (
  `Id` int(11) NOT NULL AUTO_INCREMENT,
  `JMB` char(13) NOT NULL,
  `Ime` varchar(45) NOT NULL,
  `ImeRoditelja` varchar(45) DEFAULT NULL,
  `Prezime` varchar(45) NOT NULL,
  `Pol` char(1) NOT NULL COMMENT 'mora biti M ili Ž',
  `DatumRodjenja` date NOT NULL,
  `Fotografija` longblob,
  PRIMARY KEY (`Id`),
  UNIQUE KEY `JMB_UNIQUE` (`JMB`)
) ENGINE=InnoDB AUTO_INCREMENT=39 DEFAULT CHARSET=utf8;
/*!40101 SET character_set_client = @saved_cs_client */;

--
-- Dumping data for table `osoba`
--

LOCK TABLES `osoba` WRITE;
/*!40000 ALTER TABLE `osoba` DISABLE KEYS */;
INSERT INTO `osoba` VALUES (3,'2703996105051','Helena','Brkanlic','Zarko','Z','1996-03-03',NULL),(4,'2703996105052','Helena','Brkanlic','Zarko','Z','1996-03-03',NULL),(5,'2703996105053','Helena','Brkanlic','Zarko','Z','1996-03-03',NULL),(6,'0101970100001','Marko','Petar','Markovic','M','1970-01-01',NULL),(8,'0202980100002','Petar','Marko','Petrovic','M','1980-02-02',NULL),(9,'0303971100003','Marija','Milos','Maric','Z','1971-03-03',NULL),(12,'0505993100005','Ana','Janko','Anicic','Z','1993-05-05',NULL),(15,'0404958100004','Jovan','Mitar','Jovanovic','M','1958-04-04',NULL),(16,'0101970100301','Marko','Petar','Markovic','M','1970-01-01',NULL),(18,'0202980100202','Petar','Marko','Petrovic','M','1980-02-02',NULL),(19,'0303971100403','Marija','Milos','Maric','Z','1971-03-03',NULL),(20,'0404958104004','Jovan','Mitar','Jovanovic','M','1958-04-04',NULL),(21,'0505993150005','Ana','Janko','Anicic','Z','1993-05-05',NULL),(22,'0121970100301','Marko','Petar','Markovic','M','1970-01-01',NULL),(23,'1234567890123','Marko','Radovan','Malinovic','M','1995-11-13','\\\0Exif\0\0II*\0\0\0\0\0\0\0\0\0\0\\0C\0\n\n\n\r\r\\0C		\r\r\0\0\0\\"\0\\0\0\0\0\0\0\0\0\0\0\0	\n\\0\0\0\0}\0!1AQa\"q2#BR\$3br	\n\Z%&\'()*456789:CDEFGHIJSTUVWXYZcdefghijstuvwxyz\\\\\\\\\\\\\\\\\\\\\\\\\\\\\\0\0\0\0\0\0\0\0	\n\\0\0\0w\0!1AQaq\"2B	#3Rbr\\n$4\%\Z&\'()*56789:CDEFGHIJSTUVWXYZcdefghijstuvwxyz\\\\\\\\\\\\\\\\\\\\\\\\\\\\\0\0\0?\08n\r\u\)TnT\*;\\G#jA`zw\3pb\\ږ)Ќ0\^՟1vIǭ\0>	\\,p\\9\M! q\RӐQ\\ӊm\=\\\\&ۓH۟NٓAP\<n\=hH^@\0\H Z\0?\'>?\/Z\\\~Ȅ\6?\^G\\4\\3ᶽ,qi:O\'m\\7`\t\zHˮIۡǥhĠD\ҼN\\\;\f\~j۞T\Z\\Ԩ\G\k\_>\/x\\EޕD^\\Yb\+`|ay\"d<w\\|{\0\\!CĚ2\\$AO$\\O\0h14cR\'\m|\@\h94\o24?\ru\'O_71\\z;x+\\0\</\{\'\m\[W\'\\̍\\\dWK9#yy#\\jmqO\?\VnsaL\\=W\0ANs:\=$\ \.ݣ8\Қ\0	\O\޴U\`\qN+y\v\g8<S\Hc,	G\0wum\\\Ҝ\0\\$=ɭ\\\I\'9\W\{W>FF3i sT\iBȧ\W\u\˔mԆ\ci\ )\Q,@\\\\0\S_L|z\C\ڄf,_zw\o\R~?JbW`\4D\*֮cTeB@\aHv\077^x\\\*|Ye\epfa\xQ\\{+<>é+\\~ox\~39e\H\V)eU-4һ.1\\\{g\@\5e&{\\\I49>\M\n\H58\r;T\\]\=\rA\SW!>R\0A\Iɬ\t9[i\n\0vBّC\Z}~\~%\!&\\'ب,ボ\_\\\\ū\n\048\\2\,\wI)B[$/#bд\\V}\\45ػT\0\W\ե6 E$B/\SdcC/5գ\hã\\9D\2`b%|-\Űa\0\w\\u-\\}\\\\+&:\kX\{I۰t/d#\>5Xx\88\I`c0\ \\0ek	mg;#\\(n\0T\c\W&q\gV\ZQF/Fz=\\ܧ\=<\\\?\\.ͩi\t\JoH\=G\[\Z\'-5\q<S\v\m2\#\\C\ך\cی\\\\\4r횘*\{\&\M\l C}E@\r:U` \/\Lu$db\\p=\\\)6rr}J\i AR`\w\?*)Xzf\@<\|\H|zqHk0r(X\$\:l\98\\Z@\\G9\*\\U\ \Nz{P41\a)V\3\\L \Ȼpr@\\)x\\xcT	V\v_m\\\\ZDJ\"/1\&j5h\W:\V|pf\nē\k^/\}+PE@\m$x\nXP@8*F(\vl֖\Z\#R\B$^\\'\~$\~uք-,V\s8hq\Z6 \~\$y./:\\Ps\BзLW馅YwK\t\x\,m\"Xa%\\"P=\0qGԡ\\{A{_~ӧ\^$\_W\|ApykWTW\'\uU~xy\»\\zXVtgx5\+#\\v\_\Zޯ\\e<ᶸ\%W\cRhĂǃ4P>\%j\/xs\\'\e	EiW06s/\a\\\\$k\2<]^5e%=,\\O\5\믄\\$~xQUu\u?\(mڝI\W#1\ujsq\Zr\\,1\\r*ROT\\\x=\`I \02I\+\?d/>#\vK\\"\#\H#,x\υ(Fv\0Q@LPg\fn\p:_rx\\\~C\'\hb\٩j2%wT0S-Ҿ:Th<<ggk/սCI{FWٳ\O\YsF\9K&\ja-.Pvέ.\>\$qT<Eo[x5Eoe%xdq\2\e?\\'\bE%Tڀtnf%\Zc\5\nIrvl>n[\\]\վ\__x[Ys%\G\\0Sg\kTȥI\0\?\ZD\0\tmNS\nÀ{2ʰ\`\o\?\Z\0\-尵ox\\Cos4.؟)]REc	\0#\z9dS\\su]A1hv;g9=/\\i\>EM\p\=\\"\d8ǽ}³WBRM]\r$\t\x\\O&T\9f[T!l\ta\0Zq\EC\I\0=TH[ ӷ\0ߒǑQª\$T-\OzcC!#\ܤq\;\*\01p\0\\\#^<s\\w1oZ*\}}j}1\0+[\r;\/C\Lm	\\%#j\\\d\m.	\%\Ѵ{U\M\'*X̮0\O\nQ\\ϲxs\\?\[\vz\0.\\r6\3\\\i\E9\{͇|2\m/|\GSмUz\6BXb\:#=\r~%\8NG\dۊNIymORQF\FY\\\"UT(\¬)\0\5d\\~C&\\&<erI$Td\0*\\%\\^X\\nM宧\\\-\Z%-(\|\I-\9\sK\\/j\NnoF0\~I\'8\~=\4\&\+KŖuׯ\\gԏG\\"1x\	1\^A[{X\0A\\r7L\oZݖ2\\\wҋk/ijR\I\6Lݎv\E}&I\\mSi\\~R\ԪC\gm\^a\'\5bf+X\\?\f\\ܚ\<5\w\S-\#\5\\nc*\y*\At \FA\\0U[BqkĎ6\=\sVmݽ=gE%ox\8qy C\\^cEu\\#W1$U\\s(\x\\\0A\ubkNXn^fkf\\n2RF#\/=k/\:\rt{+T\\S[ΡԎU\\2ǡr2MrBR\\\|\-\ox\\>,6\nJ\[*/6w5\O+2jZ|>/tc21]څy\0Z\\W\7\nhq:fL\"\0*k\r!\\\Vz\Fs\Z\\G\iմ\=]A;q\\Z?\S\񧇣6\\nDz\Z\\w8[\7\0k\Ї\kK1\\E\3\iŸ\t5An{I֐\\\8DC\nC)\Pj9\i\J\A\H`G\M,L{0{G\\n\쪿y@)ȋJdd@\<\'*2Ƈ\$\u\Z\DPYOAYZgi7\{xf|9\'\0\09$\0N+P\:{לg+MLqӆE|\q<\\0WX\?l\=!\r?go<ni\ZO\s\zo\';x\f J𤪓\v6㏆w\ZF\/Go\}gQOҥ7\Zu\\VY0\n&\*\ۭx\\\03g|i\+\ihVz|\0n1I\0\23mU\\\z⏊>;|um\"۵8\q\\\套\$ݏ>ZۊpM\Z\tWտ\\*b):\\$pj̐	9ҫ:F0kPXfM\6khz}\}z&]3\mu,G\T\0>\\\Otm\\ɓ\\0N\{টg7Kd^ׯ\\:ޠrI|\L\iq<\r\n9\\:iF\-\\\ᢹ\з\8\*<!b\G2ڡ=H}[\5m#D\[U\u;mѰᕇ0\@\"\\_ugxDoY,u	\\tul#^-\mN\\xO\\a彽<Đ\0Up\\0k\\.\76^\\\c\^~΢Zǡi\P<,1X\0e$\OZ	o0\Y\\0\QM$Qn@\;73mj\\]Hz\Ve^\fm֬&߀{nP\}z|M5\\\] $El~U+Ex\&b\\_\G.\\l	8iG\{M{\\\\1q_U$G?JzH9\0\Q\:C61ϝ\\v(zT.oYM\\\hTK9\0\dG>y\\s[|1x\\z\\'\\Z\d=Ն	\9\:=cq\y]Iw\M\\r\br\ܮ\_bM\p0\\Ϗ\P\\\R@;b\0\&O\DR\ZMz<\TW2]#\0gҚ\\$i̤ݟ1 \kӏQS\E?qf[w#vN1ӂ7\ERv\$\vb$\\\r2w.;`!\=i\\'x\sX^)\\[M*\2|˹U3\台^m2 \pA漋\\=KY\\\\\jneΣ|ĥ1\9b\=4<[jR{;d>[XF?~y}@\/\\xZ\:7n-ƹwVA\0\\M|/Bt9\\?\=|\nY\\ug/wY\Jן\Ӵ+EsVQ\X8澑\\JH\rW\?[QN\h\.\Bi+D*9(sR)5w5\@\\{\\?!_3&@\\0=8\r\Z3dW\br\\r7\\\R:\嚺<	\/\r\[IxÖ(!\r\*F;+3rr\\0>><qusw+\\\_\\e囷\0j\Im\\\z\0̠bj\|\eK	F8ٓ\\\Y\nkJ\\铜ׄmN8\\"ŀkɿe\\\\"$\"\0PL]\+ב@x%bko\\=F0!ck\å,[\\eXw#\ʮJ`p=}\hFx)XQ<\N`PT\WڵC\V\\\\J\d\00G0\BVՁm\_|{+\#\\\SM\\\\\\\> \\ח\C$:1grp@\\0\\z\x\ľ\'cWZ\&\d_\\\_p^ORDgc\r\\\:9FiH\<ЫO\\\\\(\\TS|\(V>I\Ox7\0k3T\+m\\&$\+$pT0\Lx\\\0h\rv\0\\0	|I{K\\qKЦTf\1\|Ki\-.յ:ЗJ!v\'>1\\\\*QrG\ahƫݑ\\\ߊ> hϊ-tX\ۤ\ꮣ\;\Z\wx7\G\\\ZG5ľ+kOdm\_Z5u\S;\\F{u7\K?\\ȱqBv#\W\\\cjB^\X\\\\BZ\ZպgčV\\:Ɛ<1\CXR@AFXB\a\i\L\\Ac\\\襸\`\t\\zP\\\9\ȹ\;}+L\0KR)+)&\]{xiEqV\"}\j \0Ry_$\Ά,j9\\\	Җ9\\p	K]Lv+\\\v*xZh\5}2\Xct\\:+-Ԇ,MK+Ga\Q1,I\$\1\;U]\\\\%SRs\\V\x[ n\$:\C\!t\\\n@?\#,qۆ\\# ¼o\~>|MҾ\\i\Y-3{\W^\\r^s\0cSIF^\ʜ\I\0={UUsp\z\ͻ!;˵<ȥrpiRP2<\\Ze5\ܑ\oYX*%<\0=k㿋yo6\)_\\\veSW߀w+\1(\\j֍%\w\[!iq\Wk6\Jxwuۈ\\>U^k\th\,pĪ}\\0.g[v\\c$\H\\\Vf<>pvw\_eym,Sw{ݞ_4\')oCs{\\M8n*D\k\7\S{~P\#h-Bݡ\:U\n\n\O_xG\֡\Јu	\xom\9VL~{qw\aKgx\\o\\x\Z\\\\wr^[nd\6\8\tf\n+:v\\L<|]X=\\0I-\'3 \D!\6\8D<p{czOğ\~=RçW\n,Rј<w͈N\rO˴\3]\\o\\\khO\ѐ\\~o\\0<\\Zгt\Ƅ:\\[um\\\2rVN\KY\z\M}j\\^\G.?\18u\0g{\^pp+7@Ь1Y\zmvv60¢WoI\U\\_ލZ-0jj1\0A\ӵ~9W5\N8Xh\SߦJ)I\\\\F/S֏0( i\ǵCp\>\%sŨdTZcr=*N\M\\q<Hך\_x&\\LI\Z8n<G5\01\V*\$s\\zw\\\\xs\l\	8``:\\?\\^2\\e\\^9C[WA\g>c\W\ֿ\O_]\\}wEkcD\bR?.\2a\rU>΃QV\nmZ]~\$yrnߏߩ(o^2w{U9\0(\brm\qf\\0\{a\\Uj\h\x\\v>\_\\Zf;ٽ?\WB8W=36<z\\M\C !E=SWvh\\\\0~\Τ\\\Tk1Z7\q\^{oǗ^\'\.tuR\\z\ٺs\"\2\\"\ڻYcV蠜~\aJ\J<\\\V\!\|3[\}Qd/\ro\\'ù \Z\Ò\-TIݻ~V\\v\)fA\\kt9]\n\a<L\\\UT{\n\ź/#_<mV(uFvN\"\-_\!SW/\ګݔ\'&\\C)wʹ \ވyP9];bK)e\\\0()O\EV\C>T\N\|_l}OEV	١ṃݓp\&3q\\Ez!\Zp\C\\\'	).A\zo\\0rZApY\K5\g\1\\X)\_\\|f՞\Swp 0a^[\\Kc\M\m]\\\V\E\v\YtUf%\'\\7\|+\\a<bR	ۢ[\j0ݗ\A\(\\*W5{7(>\#\p֌j\ў\~^I\9,5	Pkk*a70\r@<\\\\rIuy&ݞWᦋK\l4%K;\5\s Gʙ\\t\NNRjJ\VѮ}Mڲз\o<K\\n\\i\ˡixV\1єppk}͑TR(d8#ώ?[e\:zQiYh\nr6\)=Ey\\?WZ)\#[\jK()l\Z\o\Ɲ\lQx\\Ѱ\\>&s&Z\)6\d-ԝ#_~tXsD]\z\ּUmCSuۼK/@\rMwP\\\r_\\\\EJNo7\\s\K_ҭf\\\^K̗S\$\{6O\]d`\\沵_\~ԯ\7kn&}Y[\\V\\וJ/5V]rjv݂{dՉ\:c5[;\\\b9\\rWm\\\\=X\qRm9\[s\\v8\*dMx\\:5 \썝\v\%ՙv\'hb+\ ֻ0\Z/dʮ4۹2Zt1>8\\w\03$\&\8m,Ʌԭ\0rv\z_\ٴۈۻ\\r\QD~ѣ\\3Gpo*)W\'\n\~\P\\5{\]6\X\Ȕ\Gت\@+\z\\p\,\E+C<j\?3_SZXz0N\\\NH\j6\3\f.F1\\[94\$6ҍ3<Jóma^;Fi\\47HKE\JW?]}XfU\3=+\\\n\%\\FVh{=32\:s*\\\\XR\\<Ɇ\=\@+\\1\)̫\d~q \_j\\ZS\' nԌr	ǽYe\rA%~\\I\\`2=(S\V	\:{QJd}m\p	ݚ{>\'#\\T9zw\\02W{g\\zM3R\\LsC*\XA^K\Ş{X0\~\\R\,\Vh\0\Xn]N+آ H\\R\E\/VR2\n\\qX*ȥZ)\\\3jUI\\\׈\5~%h\%E\]%\cmrJ^+\4ס2\F;\5#\A%~J~\rƥ\%2ϣ91ȣ%\?+Ez\\\0x([m\\(eK8eA5yG/oI\ӏ\\϶\b=\=ѝu605\5{\\,tek\\X\"o_d1k/ß\r\\j\\0\b\=+Ӵhǣ\vZ\\gX\$ vMMK̓\j\]\\L XN\jmˣz\o\\qrW3<B{\r\Z\mv2M#\!\9\\>$i\`3$\\t5\sy\'eEc\_~Ҟe\>dnb=\]\Zl1/#\'\/\~\\I\"_\J\%#_C]\r:v\c\z.\J_K^\O5\n?\\9BQ|\\LgYß\`4<\n yN)R8Tp\2V 2\	t\\F2\rx\\OZ[Dy\\n\n\\\'$T\FQm#\'ҭ\\w\3*u+\n\	]i\\7\\ Ƹ_\Zx\\^kI?\D$^[Ex!0\\\Xj\|kE\O\'-㛻\to\L\%p\\#cd\\\\Wu#IW˻[\tC{ß5\\!k\/:1Ys	\Z\h]\\j{[}g\\\\X\I<A\[xgMÕ\\h|Gxk:\tnK;Y,K#m\Tc\It\\"FS6\(?)BGա%\ڳi\BPGy\u9\\Zw\m7KNb;{t	\\l;C95\\:\1y˯ܮ\6ɴ8\\`sWpŲF\ֹ\)?i{\+[\؊V!0NrqJ\_\\~=귪\[I_\nG<\0Z\\k5KkX\4~\m4L|\VP\y\%\'v\\\&&\G\\ \nqM\z\3vӐ;\~ҿ^\H\7\@\q\G*lI<w4\-I\\w\0Ҹw\\\E4*c\ʊj}|v\\=E\A \\sR\(\)Dx\\5&S\i ?:L\0\z\\wY\\L\}ZI\"l\n\0T1\*x<u6zB^ɩhW	Nd@6\)xQ\\_?h_\0xrF\\0^\.G\4\kI\#?S\\U\\\\^h\\볭]sƥ:u\R*Ij\\Pw=.x)/\\04gs\n6?\	\%\xƭ\7u[\\n\Z[HCQ\5?h_m%}3E\;:]ĂIH#+Ԧ\n\K\\mo&.\\\\0\\n$УUZ\$=|iκ\\\}\Xxoc٧\[=,@.Â\8#\|M\^7y{6Z!Srq(C\\Z\o@\9\}%yɂ\!\\\5\|4ۨ|@[ث\\jc_\13J䔹m%{\+\}]Z|ҊN\\I\G\\é4\ee\tج\\v\n\XbT׶|0\a\&/kv\Z栬\}[ƪ[q%,O\'\]0zS\e}+\SQmݽ\E\i\nN.\M\D.£\'2f0\85.\|Az\H0ɍ\+\[&p\\r1\Y\$\H# qTIf\ϐxȫ\1dq\k)YY\\P7\ұ\$\~X\l\\9\\\h\0?\'\\'{h5;\_ieH\ǰ8\O|Vxʬ\8+\Dɨf8\[\_[)+M2\B\Ezd\ZW\Ƽ\\?\\ZfP@\\6?5\pO2Kħ5\\<ʢh\Y\x\\\KS;Gieh\.ꥂrGJ\\~3Ѽ{K\:ށp/4\\dWb;\\\޾gWưNJ\tb]\k\M潣ij6:\fA\.\1\\W\<HT\\̝\c\nH\[n}\\\ u[i\P\_]\C߇5\(YCyЅg\'\\uD\<5\4o\CxZ&V!\_օO#*d\\Uqe\y;ָ\\\\V\6\'\Ť	&Lh7(\ߕJ\zC+s˃\~BwC_\A}tf\zE\ر\\Z+\uO\0Y)^\\\rn\\?ڑP~=\?\(I-\\y7^{=Y\\^YNdsx[PԘ>\jRw-4+*\0ek\	4i[]]\>VRPp~WoEO3\\}s\\kh5H\\\\B-\88`xa\\z\0=+\W\ZS\m>b%O\]\N(c<sㅉu00,w :~ת~\z\\\0=\\z>\\\\\0j\~0\OxP)kMc\\~+Wxg\ڗ5=+źj\Zs\S8YT&V\\zW\^;Wڲ\t᪪5c7g\4D\\Ey\\^\\3i}n+\T[Ƿ=rUH\l.Y>\]\+kud\w#\\\w\	\\\\Zo4ئ\mu}6\+̰uFW׌b\\+OM9h\R\Z\_\\}-ڱ{՛;?\|\֩ۑGVo\iֳG\<8\\j\QҍNH\z@dG~@D[r\"k\\Ҕ\cOhI(a\\.&v=\\0i\rGׇ<;_\\Z+XZH q\F\ca\\n	\Z0 ־q\	\\08ol\\^e\\\f[\"ݸp[<\\nx\5e\\כ\sb\QJv;\\r?[\\ZƯ\3F\]$F%\G\\Q=ؚ\!2	8\'5:\^ NN[U\\;W5|Du*=_\\1PI#\_6\	\\(p\jӴSqm\\	\\\!S_f\_ \\UR\n#\m\\\r|\\O:īI1\Y.\;n۸3	<>^\M[\zw>K6VQD{\F8\\\\\\<fOIݸAU>\+sW\&\\nt?HnүοjM\z$ïa\\xJ񨸊\Y!%nl.d\\2\\:)\k]~\\6\I\\[k\n-\	1\6\\N2\h\F66Gs\\\Tn|\]\\|\0\v1\z\ފ\3=\\zeR\\y\QKF\r\0s,\}v\02\\F_\֏/\r697J~֧\a˸\\\5\"~He}\\NHE?GD#+\0\AwM֐I\S5?\D+\\Zύ\\Zv-e4ܭʨɒݏ\*~aӋ\`OFѼgz[;Rh)\\07+ᤉV;[ W՟\fa]\7Ius\+?\\r_\Z\\Z5ѵ\,e[;\9V\\Z\'{L\-DE7fԴ\\}pe Vꧺ\L\\38]\\\eR-O3\\xR\+}B\\&Eހ\JҺEaާx\{\^\>\Z|k}3H\;Y\Vh\M\A1\\\ҽ[ԅs`~m\nUw$\\sݥ&\ԷZ\kE1\0O\ek\z$\\n3d\py\\ljڧ#qQ\/p6\"d\d9e1\\pA\'\/coR\\\+ki<2\p\\p\O\Z\~\Z\"\\znuMPk:ƫz׷\\0]ʪ(T\UU\0֪J\4y\dHX.}k\nnZ\B\ZM=\<lcG\\\\c\W\r⵷e\l-]f\-[\s\0=$=#\\a]\JwW~ԟ`S\\\z\meg(Ec}\Y\@NM\W\~.^f[|ߡ\"\ݑ\v:Žn\uJ\6\g3\\ρz3&{ʅd\f\G\"S,\%\\tј\_\崤\?,}q}ZӬa\,`A v\0`\nIP\ZKH\nr\X+S0iIkT\/\\%O\@5Mw\\\#\\lt4\!3h\?h\\Ex\f,\qE\0}O)4\0\)\@\rA\#\\\c{@G\\]E\t\1J<\}\~lƀ:\x\\\'EWFYH\ A|E\\<\6ҙX\%ӥ=\0\Г꽽V_??\7\:z̈́ʰ\zz/U=\:t	O0\42\\\3^	l\0\qa\?qlÐ}\*)\\JUt՚.9)E٣\\N\\ľ\Z\\s\/UQ B˵\ae<؊\;gۦ=\Β\&9\j$q>g\0\|C\^I,\u\\\Bq\\?\G#\r\u(5{(o-%KI\Yb&2H\ܮW5FZ\\.\۵϶\!2\_\v\0=F\nYF\\U c\V9;Y\\&H] V|r8\Rj3\zς%RO \;;ɏI \0I\_\cߞr\0ڮk\\qw<v\#I$TE%\n\J1Z鹟\\)\\\\e7UGvc\?\P\\KŚ\\p6n͕+\,{5\~\%\\d\\?ig\\\87?:*s޼\\!\ZpR4VW\%XA=[\}k^Ȗ[K\\$\|vapz/ŝO\q⋸\K|+4a\[\\\?LWS` #ETEP0\0\06\\7s\E;mi\0\Amʻ9u)\n	_*\݁Pٺz\@j\E\0QE\0g\Zh\Z\\Gk+F߇0o~3\lb?\\?\M\}\\_a[5\l@\\0T\O(@\_|\r-k\.\"m\s\0\\\^A\0\Z\̶0\\4L$EʟQ\?B+\?e\j\0J]7r\Ztձ=\"bx\>\\W\y49\\R1-}\>\evaJ:kK}Z\2\e\\?G2\ʅe{\h\^T&~D\p\\4\\\>\Hş\\\3DZ.;\\Q\\F?\\c\q\W\rI\>\k\4\\exPu\>\"8)\\\.-U\\u\ywpr\.ߔ\\sz\0t\0闺yjY%8H:9T|Wos\E]e=\ĩ*dI\"*I<\0+\\7\\r\$\r4\(\u8\\T><~\ڏƋ\t\6\l\I\\U;w\ޕ\q\yjPhDBmFu\\\#\=;+~᥄\\\׿\v>S{KҤ\ga{\-Z-GP\NFR\>\\\\\>𵗄4H4\$\q\#}\c݉~=4mod;\n|\zOA\\n\F{W譞\0QQϵ (\Ҏ}\ڀ*r-4\\\0GO\\\ڹW\> <~G@c\\\\@\f*	\\'\'\\^ˠi\iiycVѧ\QT\'),(24,'1234567890321','Dario','Marko','Pejić','M','2005-01-01',NULL),(27,'123456789021','Srđan','Marko','Samardžija','M','2000-01-01',NULL),(28,'1312995100024','?or?e',NULL,'Turja?anin','M','1995-12-13',NULL),(29,'0101990100080','Jovan','Mitar','Jovanovic','M','1990-01-01',NULL),(30,'0202991100081','Stevan','Pajo','Stevanovic','M','1991-02-02',NULL),(31,'0303992100082','Marija','Gvido','Maric','Z','1992-03-03',NULL),(33,'0606961100006','Mitar','Jovance','Miric','M','1961-06-06',NULL),(34,'0101960100025','Dejan','Lazar','Dejanovic','M','1960-01-01',NULL),(35,'1234567890122','Marko',NULL,'Malinović','M','2018-01-04',NULL),(38,'1472583691472','Mile','Milance','Milic','M','2018-01-01','\\\0JFIF\0\0\0\0\0\0\\0\0			\n		\r\r # #%$$\Z(,)%+!$&%#	# # #$$$$#$###$$$$$$$$$$$$$#$$$$$$$$$$$$$$$$$$$$$\\0 \0\0\\0\0\0\0\0\0\0\0\0\0\0\0\0\0\0	\\0\0\0\0\0:\ |\\0{fY\\9S\*$\L\Zڙ;ctL\x\Z\\Ɓ/ΞGXq\=2\\+^mYKEFښ\"\\\\jcO(LK\\"$+B\Yf.x\+߷\HZ\5\&H\\^-JL\"{w\$=%\\\0\m<2\)\\}]-\ϖfdhku\NBzfFꊲ[P6\L\0\r\\!,\8z\M#f3R/%FBb\aJH\(\bUe.\'\\ZS*HSx~$^\\uc1\e\,bgHX4tw\I	d_\R\2M2f\p\Z+j\\]s\ᑃ^읇3\UكC^\D7\0\{n\[\")\(\zP\\aW609-ӴY\L\0iH\䀞;Օl;$ʝ4m\d]4\1ew\\9\**\\rC`Q\' )!\b0\\S<OJ	\n\r~Tu\\\f\\tL5ݵ\\t(4ma)te/\I3s\nd(#2FA19\\"ΦrWkj\'O.F%YSx\GWt}\q6m\F\\~3V\\ҥ\0g@Lִv8UB\z\\,\\"S+R\\|\\A	D=\\"\v\\G8x\j)S LU\	\\͞fE౔O2Go~xRƑ\Zc\󴍅W˜\\&\҉\\RtC\Z\0ҘhZ$R9הl\Jwxr7\ֲRg\0\KLB^S0\\\\|N7} \/tԘg\A.\Zs7\P1O\+PC$mWR0B\\ (W\\\\\T\wrϬ*^jL@}\ٵWt\#\ulmם%\'\!23\~g@\Zks\J\n\)\SZ\"=\\-]*(\O?8\'\ӓ\\\/\Q\;,\jTb\^Eu?XE#\U4i.S334\בܗX\Z\~{@\\\9D\\!7՗9\.\#՚\\d\C\ZbT1fԭ^\[b\_Gx@֔>z\\Z\p\^Nè3T&=\\St?FJr\KY>\*fuVBa\rd;?\R\0\/4\V^\K\Z\\y\'v֦tjyj\(8`>\4=Ûe\lр{\kK\dq\']\ڳW\U͗!)S\y$G1\Q\N5\n[\)U\0=\=q\3uNgFdI+\NCrJFĽ\Zs6@\@/JlK\{/V\P\)|As]\\'\'vJ\.\\mmL\sq\FX05\"9\~AF:H_\\Z3\=y\])Nk\\Cjf  NŎrK3W\\v2\ڛw\Z:F\\_\\w#h\5K\%\^|4$JYV\\z\"飳	:pr@mG\w}4W!\-$VXVݖ~z\bRsWe\n(ڕ7=DW/F\<n\0.	)\\ٛ<\Z\Ȱ\5T50RZg;\\\0\\Xo#\<vK\HŶ3\<	\\+\\Y1Q\nR4w ɋ$=ރ\Tq?1PI\)\k\*Pͪ\\XPw;ɕ\R#v\ώPH$ؕuO\r\Ǚs^\\\\C\\֚\r\0M\Uo&\]n6^tN,8B6n\KyS\P\AQmeT7Ԛ~]R\Z8a;O0?\sydU\y\\\N%\TmC̓m9\\'W\kלեen\\ePv\\p\\Z_\\\\\b\@^>\:>\COP߹>\\{DgOV\=)[\iw\\Z\\\\rag\o¨m\n\}\\\qB_Z\sH\\0|].m~a~g\Z	C\\)}lyN\Z\2L+\\'\\ޠ\$2a\~EE\rŪ\\)JG\Tk\\0zxqfxI\\',=\uӗ;Q`o\F\rĀ8٘Ӏk047\0\w\qN\\\0\0\0\0\0\0\0\0\0\0\0\0\0\0	\\0\0\0\0U2H5Q0fG\03u\n]\\أ<j15lճ8✍\\0\S3#F\M&\\ӂNY\+j:3aS<]\ `[!v\;F\8\r \yH5\n-ӷB9Pp*\ram\i錷\"EQM4kd:nrJX\Jt=Eh\6U\#n\\\+Vc\o\n\\0FȨp8\'\gi5\up\5-\\aRٹD{)dMBow-bv\\H\0pK/KǶiZI#\7fDE4)Җ>v~Fw\iϻ>Xg٘@q6\\0\	z(~\am\zV::5&\$a>\\K\,\\&qz&]AC\6nn:\\\	82d\Z9#w\\\tk\\6L\\׮O\m`\d,;7\\0E\\j\0\rP7\\rL^\\\,/hو\dAa)!fL\k\֕\r}Fj5sdMS8\rҳ\	\հ͹#XG5lh[\q%ٹa\#\x\s;A2T\\\$,[\\Z\ce\rѓD۷aT\\Z3`MTp\A]#+8f1j)\Q@\e`zCNWƝ]_\.=8\@\_\\X.H`\D\)-bf߇duBhU\D\F_\O̦\EЧChXG4N+wYi\d\'Vun\JI\\mыhZtJLipH\FƦ(ZE\\d\|\\2\F.1\L2\0T\o\q\BZ׶W+GAE\'\\;a[.UfSH\\L\\~(`ESk[\'\\B9$f+\4x\4\Z \{\}\%kUs\0Ic\)H\\*V\:\3\\^\,\Eó\\F\\\qx@\W`VQ&F\\nn\\Tm\So\\u!	\T\\B\U\\#$c\EOW\3\\\Zf)L3@)[\*t\I\VZ\\NI\\,0\-M\}F\\fB^W\\&lA\\cj|*4]!\ǒ/^\(0\-,k\M_CmY\\\r]C\)&Q%q-0q\CǮda\N\\\*1GOE1IhD\㾅\#+\\n\tjh6 08]R	pi\\THNDۨM5\\n=nu\\^69\"I\4`MF6D&\\P>\\>e}3U׫\n\C@~\n\0ЛЧ;ֹ\Z];鷮a5nr`\ef\S5Fc\H\+0P-A\Ď@P\\0]6\ \l[=\\R5ԃ)\\pf[\n^e\B|Dt\0\p\V\rEĤԕv]hq0};)9e]DŶl\@\0\\0\%\\˹YIYB:\XhJ?2\\\r\7f\0\`&L\04\0\0\D\9㕞\TigLzN\\إsJFiV`cY2nӀp\I?LNy(K/aY^pHX\\\q@0nّ:<\D1G\ZHo]#\\L6yWծLCK}&r.+\nZB\\KoZޅ?1PVf\Tl\\I=\o8ʜh \0ҪQכ^	\\r\C?R-y\[\}}\\?$t\}c\<G6lG_H\\Zg\O\r\ZA~\DVi5*{_F\\Ҽ\N\ȇ\\\Ŵ|\vʖ	\\>֒\'4;&\):PΏ|nH\Fa\\Z~\XFY\\Z\b~{\:\\\\c󮅜{p[\^EՆ\ۭ\'\u7\xKj\2US\\l_BVenU	h\es8\\M.i9\	;9\nY\\:T\Z\r\"\oOک\\e?fo\w%\G88WCpd\\0\0nA$)4\8NP.(\Փ\\tuN$@\u\'2\\\RL\0D`\0+\0\\0\0\0\0\0\0\0\0\0\0\0\0\\0\0\0\0\%\rii\\i!\r,H3\rW\r$\\m܌2\I\\\HPK\5b\!\\)\@\ԬIj\.=OI\\D\ \HBam>]&l\(;\nw\XunhR\"\\\y\Ny%/$H\˥x\\\ \\\v][\%K\\EtЧ<I	i\:i\\\1/*G\\	\0Ē\9$\>\NfB\Zrv%8?wo+\G]I.JҲA¼r|\U&	-KB]Q}9b-ߪk\dӬ9yh\9i\\\\ԯh[\X}\n()2\\!J\\\\\r/\'4Z\'\1V΍pCJI|d\\\\$qWeIYA\}\:I\d1\\79̒=5Gu\l@\\2=>;볮Щضp\K@h`\}>_8\:ˌw>\\t\'u4\0Z:Zf,X=\!4˨\_M\;:N\| \rt\\\:橗T\\\\\Zi̙\\\M\\\\xW]t \!	\aTaM>\R\y\TE\\TKܿ<\r:ä$	\QAwAF>(קcQ\-b廠\\0R՝0\\\yꝦ^w1Q\\d\\{\r3aHYrgnay\\\5v-f\\"\֞ucΓ\Ťڌ9b&BN\\ۺ\d\g/76I\t(m\;/\"d\\L\\%\'}N\n\rnC\c	k3r\\ޔ~iw\L%{$\X\2 \\h՗K~q\'}v\r\\f\#\;A\\ع*?3	\Zv]6D2\^\`d\l\\\nے\u~N\%\\\\8t#,k\x\$\bӌ%\v|\9%\1vI\\\r5wԛ:3CK2J\J\\.<Zz\5`юN\rxAI8V\\\X\\`\$В[	mspH\ I%xG<4\/݇y	Iӯ\󒔢B\\8F	y\\;$N򓓳\4^T@\\6,\:\X\,*[\NI$p\\\\%4w;:̱zgn\eS^pp8\g/`K\y$CF\J2[\\"\]KO2ZbЄ7{(N%%\A,3{\܌H\\{+\r\{N)I:KϞI*KS\0\FV;J/αwy\^19r5\K\\揭\3L\\\.~4\ps[S\/\v&V\\z{\Zw[G`Y\\f\˿/	\V\ή\ěo*yOY8c)\~s\MO?+\|\g\O\G\|^\8\0\\u\\x}O\y/\>I\07\R\/\Z\~\|wn\\\\dk\5\.~\ZڸU^/o\\c_\9~{帪|]_\k|\\mcS\z\}_O/\'t7CsL\Y+a$݅2\bE\\S)\7Xs5L^I;	Yh.d4^\䓄c_>\b䬬wW?\I$)+9!oy)\ܒK\ga	\%\+-$\\0L\0	\0\0\0!1 \"2AQ5Raq03BCTrs\#4Sb\\D\$@\\0\0?!F\IV\y{fYrR3@4S\<ǚe\X|[s,FNSTJ).r^8	\\'?]T־\"Nu\\\\W\B-\A\\LY:UkN޵\Z܃\^&Ϗڟ\m\j~V\ƟQRRTG׍\c\\[\G5Ђ\n0c\B#%7ث_RQMe\< \\)\\HH\W\em\\d|`r}:+\'(\%(\rT\Kբ8O4\\Վ?hj}][̷)\\\r=t\^w4I\\QU\\F:\;J|o\\ǟ\0\0\bG-1\ͺPGwZr\eZu)\\8on\-\6HOb~K[EtmDӽ\sl\@=:6684zT{Πݳ\w+X\[L\\\\\wz\Ga\)\r=S\SD@wM<>\vUHww\R7U\0\cZ8\-R?(M&\&u>\ʭڔ\*!\zPCDU\O`\В+)\\6\\'e\Jg\Zލ\\0\֥tY_B\L>\\jѵbhh)-\8#\wdr>7B9,%\UT\~\6\i3\o7M\\\?1LmaQGXT9Yb\ԅRu)ʐtEGY		H:h\k.\{N\#+!\zh\K&M$M\\ZJX\f\\\jL	\O\\6C`qit!2FWA\\n\?7\;x6Q^\[\g\\L@\\a4Lh?R\滜:PʞKmO=[Zmu-P#N)J,E~i\6\\Z#(*\Fμ\\:Ǯ\t\(ܝ<\'UKØP\ω\\\UW*\\\\9\\i1\\n\"r\\w\q\]\h,\n!a\UdX	)\\E<\a\1&{ݡNF	áe@֥$\'\PAv٨\UEb{x6o\j;Qx\'ɶYV\GQ}G\n7\Z*aw*q`\Mj,=!Q6Rk*\.J$\*Csx<T\\I\Y\\{Si\\\({-\N\Z[D]Bi\';\\8\Y\bF۵Z\#\\6\(<V/`̇D\nyFGǕ\U\O\n@\5;J:\vx,o%KB\\Tl\PE6\\\r<XТ\r\Z\ EbrܹTJyN+\ry-\ꪁȜ\H\"\\{V\ɴe\265Rr)jl1\\I\\0j<QAlrX,HފO\\,\5?RS2Apu1BsNj<\Z\"@l\\p \)\07ʷG]Ӻ\P\y<\\\rJ`Pa\\)\ر\\1➜~3l<w,\'\pLi\'U+.pDY590\n;k\r\R3aU\'\\'\wP\-be\>\ZcܟN{!H\j!@+Rƈ\\\0P\\UMn\\\PΥm)ӊ\)^\Z\\\\ObN\\\Ze\%1qXu	mx,B[2ʵ*bS\\Z\0\T\euӥ١]\Ib1\'fh\]S\u	̺ S8mw7:oO\n\X)\rdP\(\nW!NRG\Zu4eM@UTҖ)\"sQ	@#f]qO~б*<\0i\\\\\<(\Z\<T\n;\a4@\Fh֬N~*y.J\\v$-\Z \?PUMEΉ/)\wc\R\\3+Q}\T\\n\QmNe\rLCȞm\H \\G\E\s&6DɈ\Pԕ\rNᢒ7\=\Zq3xj\{\S\d\BhQ\)9eP?I߂t:ij\*DqJ23\rmSJ\\'<\DfPR2NT\gB\\`V@\Z\"\\6\%s\\)\4ѝA\9\QMmMH:o\B&R\~\ZF*25Qm\=%88&\2|ZH\\}IX[n\VquQ%\R<\\NQZk|@\	\4\Qek\"&=9\\'9]=m\R\\ŧ2\<@KO^\\rrk\zMzMY\=(V(x0J\V#ؒ\9\rT1\KPS\GnW\\M\'\KPMP,)\{Vx̫\s*Rgn\%-k!48u&=\1D\M~\N\S/t\\\\0S>\\xD\nMzA\:-lǽR5XԵORS#\Q\ZOEv\d(U!S\{\\"jmNEFS\g0&Ir.;@wi\\*\\`U*\u&\Z\dt\\n@g[\\\\B\۪\Sw ܧ:\rfS\\\\\īi\r,-\\(\!\,><\fF*\\\'Sx5O\T\n\\,Tc8.ݎ\xjnvaGl-!ËM\\<.g\\0I1WWD]+S*\TXrLdJrRN\\`aq\\\ڱ0S}ɪ gDH/eVuR\'\"\5=H\Z\+++(\\M\Wz\v*3\%M\dB*i\0\\g\#Hߢ\]F\\M6uL\E\@\ؘ܀\U0\8lpGc8]c`Z\q+\n!P\*6\\{\'5˕Azrrjg\\"js.²ł`\P,Ce\%\\j%]S\\y;8\rH\"\i\6@\n\X̛*dexU-\R4UTdg\h9)\U>\'3,5pU,\\1ONE7	\m\\0M\\\]Pz\\k_\\\>\⯷d~Pz2|=Uo\wP\\\n=\5ڦrrBٗ_R<`uK\n\0q,Ѳ\S\)lP\\̮\m\j=\0\b\\KH\\\\0\>)_&I}Z\a\0\7\{P\h\\գ&a\ysx<A\-&R@\rQ;\\7rи1EԸ\xʌ>6\\ƪÚ+^\r	\99v\c\	\\\d\Zm%J\pu}_a\}\b\Z\\Z\@,\{\F-3ڏ @\ۼ6#md\"7	\,?\bZp\\m{\\\GFzjhh\"\[-ua\\0ѩ=rSi\\u\\^\v\\VW\\\\ǘ!\Z5\Z\;g\Xl\\\\'\V҉pUpXH,M7D\\',U\(#}\=]}\t\nF9\\PwY\\rQaژ\:8\=Yz}+)\L5\^|бz\<k[QebsK==\\9o	\(J$\>pQyH\J\\TsX\nV)KbMC-tƛ#AYMyM\2tˊ<v]H\zɮ烵\\aU\Cr\'HuF\\V(\RH}d2fy\0/\>g\6w?J\\JmcP\j{S\\㪓\\o>\v-\\~Xv#X~Y\\\\\8©䲥XwHEV\JxNDllh\U\+0\'D\n%JcWke7(\\HG\˹N\j\N\ϕ\zJD\,ToMz<\Uؕ D裰 TNT\,\"]$3c\\V\9\P\ pWqOכoqYӟyES\nUɒ&t\)#Njb}\j27X6[X\Q\{!)[\#3\y+8\zO>\\\X,!\]=\>H,)1R\ceE\H\YO؜6oTSZʂP\,F \*ȵ*V\9~\rYU\\Y^nJq\dU\!\"c\B\",%6Dʵ&IB\\nhH\Ob#ҁMr\,:\\\\W\*=S\(\\em\6\Ph=\d\ \&\ʍfQNb)4Sŕ8#e&R;.wpYdKFn\T9t\\TǼj7*xKJr(\⬬\\\B	7gک,Z\AA}E=e\r\\t\/\\v\\W\.S\v.\\,C\ha\\H/G\Sr{9\{rH36\Uuv[\,\r\\z\F7K\s:ڬG÷~[^Su\W\"_\\04\T^f\\a?Glٍ\nL\tuTܞĪaxܒﱲ\%U\:\e\c\[]{\\0*\n\Z\d\]\ñ,:6\Q/E\ \0<fh\0׵m\ \\`X\R?J8/(N\0)!E\\U2\\lrط\^\1O:?\0ܦ+\G\UlΆ\;u76\\7ko[o^\qꮇa3!H*gG:9\\n\w\\*ZJJ\vV\!\'OS\'rs\ZwZV\­\1*&\;\>;Naz\uG\\~	s|\\0}{\\^\\"\\׳\r\\!#9\f6Sc\'\셬r(gq\6\~L\0C$\\[\l\l\2{\Onlpj\%˽.[,O/\b}}\J\miy1\ðDo/rx|}{\<\ë\-\1{\֞ܞ)\\UsQT\Zy\-{\O\\\nGM\\\_B?\r3\+}LW+\+e\j*\O0\q]޹;E-U0Kų\|\a\\n>~\<W\\\\\[\˕Lk?.\5a\DgN/K$\\] Ћ\\\\\0\j\\P}w\U(0\i)|\6B\8e\'\	o\zUn-GBLp\4\'c؍5u]3Gio^P\\\#)G\O\\r䙾%9\ݸ\0P\-<mϕG\\ZG8\#[\hl\44j\iES\0Rw&W??(fxl	^쩾o\'&=DׁvJ\\r\\\eoG$\A1h\Iʬ5\G=\z!lл3^1MYr\\\F\o{\\\'0\KS^:nw\k\XMP\ZA]\s\\\\0Q\\Q\m%\hzR\ntR4M\\+YMfϲ{Z`\\\\Zj eD2A ?9>f\.@\G9ɴT\\o+\2?\r3\+}LW+\~+e\~{ygƏ\0Σ>V4층Y\\k}Qrɟ\g\?%\Z\"+{\ZѳW\0r?{\֍\sQx>{k޹5\_\Xk]M_\*H\L\ﲢ\C\\M\V7-}n\+C7.\E\x\kp\:\б&VSٸ\̰`\\f\j\V\qMwDzr94~^ \h\\\ih!\3\Z\fG\}\r\\{_X׷0\45b;\\ɖޤ-b#\\\r\ʹ`ƚz\k7\%\xNN\hݻP\0^Îٲ\@{+{\\Zv|L]ɠ\gl\\0\bQ\]#s.Ap\\\ZϢ\\Iec\fc\W73\\\\2\P~RN\ %K؀\\֩+M3F\ر7S\W\\~}lfHgH.K\Q\H\G:\Cp\,O\\\\\^\\Z2\or\p|:72?\\\櫕ok(b9]R;8,ɔT)?\ZxX%o\U2ǋrύ	F0\^d7=\\żJv\qXy\\k}Qrɟ\g\?%\Z\<)\c빱X\!_ng%?^\0>2\7\0^Hg\\\V\ToSO\*\s\MusW\CW\'f5Zƀ\Z\\QI|7+\Û#\\sX۸vcu\`F{\\E%r[\\HO9W\.7qXUw\Y=Ϋ\{T3G<m\'	\\\'&pt[}KC\\nbGA\\\\\YY3 ׆+\ݎz\mW\J\\0\R7ד}\D	<\1J\k\':X<z+\w\\":UW\AJ\\\*a\\;3f\[6fp\)\&\\'W9W*i᧭dp1rӕ8U&F\M\A\bP2\nbcCF\e\\`vG(lrm\xu\z=\Ss8/m)XΫz\Z*k*\\Ի;˘\Sb370LY\7\\O2d\E\0P\cc?%\c\\TuմY\<m\1\ZU١AbFآѭtUU5uroj]\e͠Nӊ8}\j\^)\X:\MuU-Uy\vw\MS\84m	#oUS5udh	R\>>-^:\?n\c\۟\ۻ\\F#ϨŒ\|\\]Wq\۟cq\۟\\5UN\4lBÏz;Rû *jI\\\c?$k\a\n٩tw㔡\|Xi*V<\s|\eMU=$\w\};kS[*JI7\,}qܟ\k\Z\g7U\푆\i+\1\g\\\8?uA|\*j\G:N\_j\\cr\<esl\BIa{dŏiH\<_\\'\UU5oj]xo\D9AaPl4\\\K,\\9wO2Sf\#\A]\Tǋ\"oi+m\\b\\ZK]\\_ΰ\p\\̵Z˼~Nge<\kna(s-ە\J\\\X\\(u\99\,\uUmD\\*?\\0(\0\0\0\0\0\0!1AQ aq\\0\\0\0?)e5qH\'Q\\yn1\x\;\"\w*\_Հ\G\Cp\\ʇGR޹\@KZņ\1EZ^kQwSt$\,1\	i*\9p\\ܺXCJ&.0pVEM7\燃O\ccnw\\\0}\j7Y\l:1&>>e26l`D\"\380\H8nN\P\0;}[Z}\{_R\\W0U{\Bhv!ڟSf\(ryL\\<\\\ec\S.Jep刜|\\\\\N\4\\\\mKK\\\'\Z\8<Q*̍\%S\N\_XC\\\K\\\0>=Ջ\>M1L\\bC~o\+?\09f\]1:(\ ~\\\'\nWmW#\rG%\K\r!ARoA\Ǿݰǉ~\rA\\\Zrc;|\\r\l\ \\#w\\\\M.3ϕ/I	w(,\Ѯ֝\\\t5UU.;\r\\))c\#I\\peV=0=\'Jn\\L\\\[Ģ\'V\C\\^>}yiw\BKE\B엷%T>k,>j3z\\\Zq5B\(\ͽ;\Q\m\AQ1\"b8c\ч\rKЛi\\0\\\\n\8󋹬$U\\\~\O6\s\\\\\S\_]\z\\0GP\ǤT]C(x8bY\cU\	j5!\5܁\X!\j\aGs6k,dL\\'n\\/Ba$ڢG\\\\QbvJ\'FfemDfL\6\\3\Ժ\"\Z,̯4\=۵\N\A#\\lERE\ܿT\S\_(#R᩺\\Ziϧ\X+@\O쪎ERβ\L7\'\0\Z({Ky\\r\p8\<13;X\\\\\ZCo9\\)\\1ܤAcfl\34zt\ŧϜ\~\i\G\:ѽBSS>1Ix\ FP&9}Ϲ-x\d\|J!}e\;ٮ[Xٶ\G\̔A!\]m;\Jķ:\\\$i\%\qhB\w0f{T\;	ѱ\\\ZE^\\\Q\\jA\Dʲ\AN\Z4y<B+\Vc2t\\0Z*\+_hVZ!HIp!Bd{,9|՘ou3\zMG1K\Ss;T{C6D\\a\!m	%{5\SPp6X8 M_\\)>e0(G$\ޟ?$W\w\'i+˰\\Z/e*I\0 \\o\0`v\Z\i5F]\+Q;\[R5\CXp׸i㪖\b]uX\0\]v˨|t\/Ty\v!g:Jׅ\9x\\\\,&.*f!{kJ\"-e\\n\"\:&\wEa@|D	[&a\9g\r\\\rd9,߾vJa \n\/\\a\"n$K	G\rX\7͙sb:c\\Otx;.\\}VIx0҉\\\\-$a,*(HĬTv\\av.W`\y\E3\e-p\L)upzҊȟ0#4pf@\i\m=\f}\=ʮ\~\;\\"9Hi\A\W|{feDA\~ҡ\\\\\qC\3ID_s.f\6\p9Y\כd\0\\%0F!2\\\8t)Ɩ&\<~m&\Z^\0\:EI\uCQ>N|r%|voq\q-\YRX\2\̎ߘ< \Diž\0\\,R\g\,h)r3Ж\r\w(H*\W/Pc=\\CAQ\\f7pݏ\\L\ĺ\Q_\bp9\B\\;UJ\n\rqOE\?\H}\Іg}x\p\\\\ơl[.J1/CUw\\\f\)x@`Ce\Wak\mZN/_1Ǿ:>Ӯf-D\ZLs\RQ\vK\C*\88_\L\Ly\\\#4\\\Q¶JʄV[\\m=C\\-eq2\m\sfx㪔ݻ&wZ.\\/1\w\\AqR̮\m\J\a&8\BZ\(VM[M\c\+(c_>O\\n2oZK!G\0u-\y{vE5L1yZ%\n\\{#y#\\\L\Q\*Y\\F5\P\Z\%\\0\Du75V/D\1\/\nK\\`\.	\@\)\S}\{\E#h]f\,	\nDԖ\\ܠȶ\+=\5\*\r,hb/Rc\r<\(栄pϗ\Zn.}\Z&\\0QP\\\nݳ.;)2\T\0[\r.%Z+\/W	J\\u\_\\\hAp\\ܦ\\<+\^%}\qTT.=\u&[\0\\Z(\U\{YSi\Ð\ei/9\f\R&ex\'\\(\/9p\cĤ:gi:}\3\d\Tn\DU(\\\\ZJ&х_,\߯wϼ_[,C\\KEH \\a5/R;R\Q\K\)\nCOs\\tT EG슂7A;	mT;\\,\\)Mw4)Nvjgm 6XAX\|\ܿE˦at\/\01xCGLbQ\ZISAl\W#z\@\\\'@|lw\\\c8i^\8rxj6\Zcr\\\Es1Yrز\\\\\g\"`\3,/Lť&\͊. !S9\\.!y(\DE#\\h\\\lu\\)\6NحI\y^:\\\</EBjiY@̼\\QK\y1eK\%\\\1\`P\Gb\ņͼ_H<m\V+7.\`JkD\j_\\U)\rqqe1F!\(d.\rE!yaqJ\\} x0a\1P\=k\\\\\S.nQNQp6\\Z&*\rLKf\)mtUJ㑱\2\P\m;,J\PX\ (\˔=YV{ōT2\T+9BA(|a2h\vL\!]\\TV\\- U5@\\iy/\|Г˅\\E\Eb\<V5KU\͊\b-Λ!\P%9\v\,}v]\/lL\{=]\\Zǔ*b_\0SUL\)\^\\C3flJ^_͊ƞ\\'~\\\\ng`ÈA<1y\\wYw\\{?*\rx\\0fH\Z\n(\" 7\/\\؃Y>*\u-$?T%\\\Mf3X\Z{ːN詘YzZ\\shdMԴD4G8\\jnk36@/#:#~\0\\|Ώ\,\\CA I1f\9|\\<Ư\G^\/\GS~|Ea\>eTpX\!|â5eں#RI&>Q$ZAM\\YM\<(\\@\Vk\i>\7a\5\\"~A\+\c,g\n\ȓ:GȨ|[\\\p\K\rv\\1\s2wrsO\)|\\\\\<Cp{G\\\v\rw\?:?\'\	m?<~\\0>iI\\?Ǝ\\ų\\{\eV\{#\n%\\<DS`l1K}\L{q\\\CC_rj;u\;>b*8\B\0PU\\\$mw\Yⷮ$\GH\0:\L\!xu0q];\0ཱུ\\\E.ay+rAV^Vne\\z\e\\2xI\\.KZ\&1\Z^SBQ8x\0myp	Ɯ\?\(`r\\\p9w00(\0\\C\B3g^\)}\\0~1bS\r5xH\w\\~\^1_{\0\\k4D\iWÚ\\0	M>\\iq7-G\nR\\2r/#\[X\L\,\rfԖM<\6\05}\n{\X\~\'X|*?v^.}1i6&\0>k\e\4bC\_wiaI\Ff\hx\yf\\\MGF_,v5Y]\BT\\0Cj3#z\0\	+\`j\fa[e4 $\01^XhaeJ~\\|w~l\g8,\0-.\+(\\n\ ;y._K\d>vo\\gO\\U\\j,])\0\\\Z52$#n`~M0Y-ݔ/Tv-\q\9l\fVaQ)\9c\it\y\:\\"\0ޅ~\\*NHk\\\͢\P(M\/p	WB\\'|\\-\\anhe\$\ZcQ\\Qĸ\03\8\n\m++(\rn\t\WL\[d,h\\\$9b\YJ\\ng]\\lr{A;cy\5:\+L\O$glDME\>\\A\\\r~<-\\0&\0\0\0\0\0\0\0 0@\\0\0\\n\S=ŊN\\",V1ֵ\>\\J.7 8He\w뮂޲5\lݶ\z75\Cz\u\&<)eB76W5\l<vffkiav\\Zʲ\]\ۄMRh\Kfꝵ9h\rL\+ U)Kg N\9\"e\ѡǱ\@{a?,Wn\qӭ-0\Ki[j`\\1\\) i͜\<\\7\<pѽtŽ\`fL\=:lE\\\\&a2)\\\\}\eBе#W\Wwk \'\&S,6պf\[ddd \0L&=t-t\9\\\\^9{nXFw\cّnY\\ecWGFX\\\9Qz\\"\\%ccke\j\\\0<\\\c5: a\\\Z\)e\"\\\=NXT\\|[*8±yP\ʋj[]\r%\\\\f?v>H]\A\޷)O#;#\ZVrbZ\&*k\_/3$1/k f	X\ 	Vڼ\Z\\USm6\\\\z\\n -\\t\kW*[[\Z\\D\*\4`\A \W#]-W\^_\\\f՝U\m\zڶB,\0fc\q\k.2\);l\\\OFn7,\.\5F\e)\'0A\0\\\\׍i\û\%^28\\!겻[EX\njZq.\O-\q+%YZfC*Y\O\ц aǜ\\,z\\\\<:\\\^fi[\0+mR]H#e\A@S77\5ti1kKNQ\/\";}\\@=}rx##&F=\a]]~Z3\QB\V\Y\\SG¥\Ӕo&_9$*W?mf\k\ǴVOCc>&N\fVM\\e)t\eD#kF\"r\rq\ZridX#\Ac\>0A7th2j镐\ilsf>μ\m>\&\vy8Q\չH1}g&\xqF\D\\ə\' 曉4Q\z\\g~0A{Wʡ\\\P\\]5\d\0|\nxpޒrG\yXf\n\\Y7K*aKCXބ$;d7\\u\\nkNN\'[5Ku`KE\၉91Mr[8\Z\\NQ1\$\XA;a3읽ZkԭbXWev䭸c[X\\\p8`\\:ܞ%nl\[\\\7K\(_ل\bZ\'\0\\>\9UcYMbؖ%bYYjڼa`\\\nǍ;\|\NxnEf\n\E],\"\va!\C~\>\e\VPNUio3\7 z6\r\6r9)ݝl[1ڇ\(e\\h4a;\\\f\ī\"\\0![\^.w\n.I\"w4\{܋\\pᡍ;\ a}{\\z3\\O} *\0?\\n\0:\8*2w-\rx\\22|`\?Kz.6\\0:M:\\[@\\>=G~x\\rR\SF.\cf\Cj\/\k`Г\'ц?\0\0gfz\0k*\W\U-]\\V\\z޶!9|}\[\\\\\\s+[Q\z\rM\tN\.W\r\\q\rk\dbё\0\\rEVkz\\\\T\Q\96KE\̏[We/Kl\\S\ƍ0\F\ܬa5\+jږ\m\}\dp\\a\"i˥\F\\]u;\'\=v\\IV7T\j^7د*\/{6Eɫ3%-ȫmN^K^lkLm6{ \Fp{y}2\mw\_(\>\0sȵ\\}\\zY\8\(\[\\|S\7\0H\w\0;y\0!蹖xm\\\\zfM\$\0\6\e\\v\\\\enp\[\9=S\}ͤ\\s\\\Sߞl`ӂ+\-?g8\'o\}\,X\<[k\_O|\\X3\·\\	\v[哏X\\\qup|>7sA\pb\\5?\O\\Nj\o\\si\S\Y\9\ëd\v\0\\sx*Y<<i_96\rv\ヷ\\ѼT|R\\\Zmgk\Ysw\	FDQ8Y-ľw\Zm-VN\\\=.>\Y\y\>/M\\cr?+W\Q\_\:W\ǋב\\|nZ9%|f^G5FFq¯WFj3p\\V=>Y895\M\y\\p͏.\\\\rvÆ\gŷk[7n$8u|G?G\2.\_\\p\&o\\\n$xq<G\\Z:V\ǷkNe\\/\h+\\a/\N+n3q_q\s5Xo<x\Ij߮\\ \\n\d\]\Xu\\0?\\)\\\;`ߐxmY\\0\,\\0:\0\0\0\0\0!1 \"A0@%2BQ#$3CRTaqP&4b\\0?\0cS)2D*>\^\0\'gy8B[5\\;R򨐏yP-\"@Se\Zg\\'g1	<m1\\\r]\*IOaJjꗕMBɨKq/\\"$DMs\\\iH]r\\yr\#\\=\\m	\\\\pprxE\o%Zm\FXފR\-)\Y\\a/h$H{^\ˊ*۾&bϗ˜\F b.9\\\'\0Od\"\QX%h\\\n\\R%\\\\&)v1\\\\x8F\,UjmC\b,\s\\qՍ	C>]\.syB\\'8\FGO5v\Dsi6p\=(\9;\npRY%Zq\J$\\&o&_?:=F\\KU\\Px\CzdT\*Hឯ#/Ó\qLsj98\I-\,\/K]ԐM(\\>^<\9\bq9\LN<8\Z1ոfgF0\\\$ss$L<\\(\X3\\1?&P\\SFGc3ub\'圜yp#O\\S2\˸Nb\R\cF|yB\0:$a3rpwm_!|\m7Z1\\/\_#\Ԅ\q3>\rcu \ZT!ZC(\\n$)ȫ7\9\R\N\3#>	/\|\^mE+F\'\,\I\"IQV8&nk(R\\JEΥ4yGزQm&N\\"(\\\\\sၿN\rաQ\=27rAF)pRe6:\\Bi,Hr~89\\R\\\G(\ENέyV<\rB<^<φ\$%~\n\{M9HB2$O(9({#4\\.|M\n\,\#,\FOYR\ZpH\;\\x\D\Rt.\i\Z\~~\"\s\\Q+iGlSd\'E$\\"3GRʪ-\\8cb9R*\MpAIy?7\'}\I~q΄SȘ3>.)\RX&\&9A4gǇsX\\Ve\nYDa(\\R\\\͟C\%\\Q\lN\"LFL\r&<Ȕr͍&JQht␩S|\0C\BtOÃ	\rJ4\pr\\1_!t;:\Hr\\\>	Xd\\{vR*\Id9坅wpn\~\1\9g\\\?6<r^E\F\e]wDw\\\\1~ѱ\IT1\'B\׹\TM\\k͓\'$jA䕽\\JiHr\"AsNLs\(\Xȹ\\C=\*r\3\Q\r\bޡ׺yQ\\\?Y\>d\VY\\E\5)ȹ}eĠ򶑏)|jrqKƢ\09\U/\e\'gYlw\&7Fht\dsN+\w;\\&gA#\D\\49d\>\\˱[J\]\ܑ&CHI\\0\!0(\Nb	\\RGJMPSf.E\\c?[	{ȿD\\eyb0\(O9~R\/i=\'\M\\\\Ee`\8ҘK&\p\Y\\LDBM>[;\0BOMR\5I\0 \\\5<2A\)\0\#L^Ŋi%\°*\\\p70G,\r\\\\?,&BEdiz\nk	\"\Gk\yxE#4>E\Q$Y\\8gs\"HS2\0\\r7d\\Y39rv\)R\ѐ\\ɘ\\\_X~DoGY:BPu6N5\\eM\\vs\\81wHA\0w+aT\H\O(\w\\NC!\3#.\'2?d\0i\"2#o\lA\T_\n_9!6@\\TU$1Ԧ\\\"r\]SY\?eӇqB$(QFo (\tS\\\Fl\F0\Ot$e)E\\Q\6\h2	=7%\Q]9e&\0f#\<wgY%5\C\%xvyDgW0r\\OpT\r?Sd\\\\:yFc]Ѻ\V\Z\\Feu/K,uYlY\%Jꧩ\Zn֧b\IW\K-Z\k<*髆B*ƯC\r+h\"\-J\\\\\\\\Z\W{\CP\Q,ī\\u{-..\z$-Y\\\\giF\\VW/z4\\WLPskq8\ZU:ҡ\{\0\fRJ*\\\1S\\\nO&.\4s\wI\rԄ-:S\\#M\n\olqP\i\9\s&4\*vZi~\^Y^V*zcPMi\r\m\zYi\{#O{NYB̩:4|;\YY(·,\ \\\gÓxu\Z>¬\M\'osR)V\\t\'?R(\\U!\\~^OK>\\5\~̯\\T\\FY\hjG\\\}էB%;\{\\0G\n\\\SS\b\F~}\\ysB2NosF\*\Q_H\o\\XrCi\O҅zV\L\\֧)\f#$_\\\\\̼MJ5ԙ_O7\I\Y/VgLu#^*\rr\'\N\7~\\Y\0\i\Zx\\ӑΟ^SPw\T+\\l\\ N\3N	eUY\)K<d\0ڗCjwl\j(T/C5\P:J򕢖\\"P.l.\U[b\^?T\\t,?/\'}j?\\\\\cz\\i\d\}-L\\\6\rf=1՟{\\0G\\U\Zꤜ\.(\0\0-Sd7zsI|EuN_`ݧ5\SiQAwL\\\3\gJt*&F\GS\\dkQ-9Dv\\,_\n:u*\\p1>)FjZ\#(6\VmF=Qi*Q8\QMR\DIv#e\\\<BeJԡJO;IERX\:Sy\)VMcrc\M.?JTn^\j4,\of\\E{W4$n!:S\\\k{ʸ!Gһr\&\qP]u)\\\s	A\T\fUChf{^8r*-QWv[j\0\rӅX\lmq:5\\EPԜ^\m\ISg\T(Ɲ#\~Ts\\Kx\?R\8dk\ZʑO\U\'O6t5\rB<M\'*#zF\\\`*#Zmg87iKF\\'c^e\*QP\PG\npNᎷ\*ϙp\\X\\Ҿ\\OjӔ`&^j\lg\8Ed\\,C\ZܨPIb\'\mjRH\.Қ5U>RWRդOK\է*VF\+:hRp\\7σ\\j\"jAF1i#\	Tt\\Jӥ.[(\\4\\t$ʚTkfݚݝ(ӡr\\\j\Zb-5\:\\\Z\\֬\0:I}\q/\\n*)Ե\\*\F*:\n)z\*\U\9,\ʍ\n *\ν{NX\Jv\3Bܥaɠ>>\h\ًMw:\g[}ƍ2껫uilt(N)l#(B*X#GNuc\EiB{mЉ\W\BNHv\;#Lu.\w͖Z|eN҆\\UF3S4)\vlп4,9,\Ѝ\\rԢhrac?aafokDaG	`qG|SnP\\R\rO\"2\7V\sEV4\	)S\\\j*r[\Q:\2Q\n\(\\ӫF\B8׍&B)QK46\eɡd4Ւ\c}J\mQJ\D\St\S\EےM,(\\@\Զ\\F\څ:q\6\\_!x|\\\6!?{^\rc\\\غ\0\_\m\\\0\"\0\0\0\0\0\0\0\0\0 0\\0\0BN\ \;CXbf8dX\\"Z@	 \`Z@\0\A*}ZF\0?E\p \AЂ<P\@@\0ֺv& VTlcJ\Nb,l\\0|g\\+)\K%]Xab}t)\"(k<\\FՓS\c\%\0\e1q,^\QHS\\D:Ƶ5\Sm7_NэPbc\ɖDM\"C\ł\"\;\	ef\``k+|{/OM\ZU4&bxB\0J!\bJd\ \٬^\1\]QXMhWB|<~Y\\rF40Ad\Ȱt:d>A@B\Mh\7QE\[))aЂA<@-ER\.Vb2ݢŕ\\p@:0Ć!$}*✕/CRA:AA\5ٔV:2\b\,XlR 0\FJn=ڻ=\IAD A\R![j\\"\Ɩ@za\JW\sge6 PId\n4A*{\\0T\.\ +jn{{AB$\0\eG݀ğ\\,A7)x{-&b*\LPb a5ũf\q\@G\0nQ+XɑE\n\\0\\k%f\"\\"\\"(X{C daj@\X\Z\n`\bڷ\P<\\\8\%`9C\\ЃfXЃb6bMP\\D2kuT\DX;S` ؂,X\nC\PЃ\L;3oZ\\q\d\\\\n%\X\,aXE~>>!@@}!\0qcVWZ\͡j鎷K\0;eP2Mb,\}T@\A0(\r1\"\3ZH^B\\Z,_\\`\4	eV,E؀zч\jUC\2ZM\\`\"\\Z& yv`,_BI=ajba\]Qe\A1x\\1:\\[ao1R\0㌨bJX }1\\>+n+f\0!\\c7㹭MkP\w1GX\G;ه\j\\0j}w\~[ߎ6e5%]FBH /[N\0\\\wM\\n\\9\ry\g\}gk\ZX Ȭv\0\Z\ZEf\\LSICh\"\@8N#\LJ\A\MM\\^	$\&E\b \ZN+_\\",\\Bǰ\\Zz0\h$tЀ\\r\r؃ \0h(\0;LִD,LЂ	3\v\A\0\0\0<`kB	\nʐ\\\F\\S\T(Q\r\){.j\0CZ!_\ÃЂx8f7\cq\<jpԠ\\\8<_\\\2xn\~?\ׇ\\m\V~/\\n9x,\;\\[8\,L/\+\\#%|U\W\&\g\\'\\\\'y,n\CsqO\\?8\\p8L8IE䫷;;\\V\_W6\Xy|J-ĺU)jsYJy6\Ba\\"||^|p\\\&4\W|fs󈅴Ӄ#_>\n|\6r㓖	8)\\\Z\J:uGWyJ\rii6]~4oA+9\}<Yv;\L\\kK_~\\+\K9,ˏ9\\0 \| dc\³,\Z|t\\'ʥ\\\No3&\\'.\]\|trVY\\S\\\'5e\\_\~Br1\\\g[\Q\]r%FSfS+2\[8򇓪\0yl!+lr=_!s\'\>\cﭞV\mkX~VX \"o~4uMz;hYPh^{\\0z>?\\04\0\0\0\0\0\0! 01@\"A$#2BPQRSb%3CDa\\0?\0\!B\;l$2D\r|q^\dw3\\\E}\\OACSJD%T.>^mJcYJ#K/$\_%EN/,YdQ\Y\Xw\kvHK2\\r\G$;6G4_\\Gv\\b\ȗspw\\\$m\R\V,Ƒ\'!ii\u&\+XUQvYP(^\nH[۟6\ݖHw\ˡ6?\n\\͜BQ\w\W\0\'\".\"\m7sdY\r\\\rx={D\c\\\U\r2ܷcf\3\'jCHlLB\l[(Vc1Ȅ\\c.4[\r݋rdP\\\|S\bώz,REl1?sYu3l.x7!3\\/l	g\Boi>(I2͙\e\Ѻ\\v.>ұ7]\~$w\d\+}?lЧၦ\\R\.92`\I\|2YXe\&yYf`\dc91\.t.hR|\\.Q\=\Lec\K᛹\\\Fh!N4\\F2\\\\"$H [\f%b녟YuB\HrJ-6Qbc\"DqfdLI/\"\\"D\!!!\,]%\H!D\0rd\pM&Lc\_$y.cr\g\ܿ?4gf&\ۃbNφ\w_V\\\dqO\\\"&P.Xr\ZB\.l/\0i|\0\\0\FUP7G%*q#{71Zȩ&ɢ%>\>̭!|/̤:I#\\\;@z\\\ܖ-3WC\\0\CҴ|TFqe=\eUlgk\\ \8z=\:\Hׯ\}C\Q&ԂiP_MYETb5Q\$H_,\\0\0tĒm\ZZ75rWR\*ֱ:T\\JGҦ\\*\ZH\ƪ5f)S\kҺ5\0&M\HQ\\\\`\?%h\Z\$KMNzg\ji}դ\Y%\nRB\ƍ6tӋy$\r5HE:\\E\n*X~Ʃ	\\OO)aNj-\zsx-{A\nf:`}|\ӹFGJ\\\w\ȍJ\0\\իt)BG	Vm\ZQlu\]\.\$oPh\\0aWƚ\rJqE\	\\{p{}\\Α,S}(\qbSL}1\CQX-SP}\u3{Y\n9\wg\j\-Y-\El\$Rl\JϣɿV94?E-2\j`)\"?Q8\\%;ϹKKNu	3U\d>\A24\\\ӅF\Q(\ܣ\\^BF[\[\rPBR)tn\I̓D?NLe\r\nn\jKlYMh)$::m?iJorqw	B)\\ˁN(T\)<RI>0q/%\]T!\)=+W!\rT\e9QvbUYMib )^&\<\\NF\ҹ\־xFpr\h\$\\;`^-\n.\Q\\"*\̛N\URfUn4m\\\!z\):m\*I6P\\\OT(OO٠\0I\/\\'\rmgN\Z:2\\<I&QuiQ\Jm\"˚\\5\V^j\C2(\݁V\ʴNTI%T\?Ƣ\\\t7ԱWPʭ\\V\W\\k7\+Jwܓ+VNW$縭bu\.\`ѩRR5\\5ݽBpn]5oئk\"׼YfC\\,\\;2/$MEu+\Z\\TØ\ܝ\'x\:/t]Dշ5\n))\Z\\Z\P\\\杛5\i\\mOyWU/QV\)\rOo\\!\\\cׇ2G\');
/*!40000 ALTER TABLE `osoba` ENABLE KEYS */;
UNLOCK TABLES;

--
-- Table structure for table `plata`
--

DROP TABLE IF EXISTS `plata`;
/*!40101 SET @saved_cs_client     = @@character_set_client */;
/*!40101 SET character_set_client = utf8 */;
CREATE TABLE `plata` (
  `TRANSAKCIJA_Id` int(11) NOT NULL,
  `ZAPOSLENI_OSOBA_Id` int(11) NOT NULL,
  PRIMARY KEY (`TRANSAKCIJA_Id`),
  KEY `fk_PLATA_ZAPOSLENI1_idx` (`ZAPOSLENI_OSOBA_Id`),
  CONSTRAINT `fk_PLATA_TRANSAKCIJA1` FOREIGN KEY (`TRANSAKCIJA_Id`) REFERENCES `transakcija` (`Id`) ON DELETE NO ACTION ON UPDATE NO ACTION,
  CONSTRAINT `fk_PLATA_ZAPOSLENI1` FOREIGN KEY (`ZAPOSLENI_OSOBA_Id`) REFERENCES `zaposleni` (`OSOBA_Id`) ON DELETE NO ACTION ON UPDATE NO ACTION
) ENGINE=InnoDB DEFAULT CHARSET=utf8;
/*!40101 SET character_set_client = @saved_cs_client */;

--
-- Dumping data for table `plata`
--

LOCK TABLES `plata` WRITE;
/*!40000 ALTER TABLE `plata` DISABLE KEYS */;
/*!40000 ALTER TABLE `plata` ENABLE KEYS */;
UNLOCK TABLES;

--
-- Table structure for table `potvrda`
--

DROP TABLE IF EXISTS `potvrda`;
/*!40101 SET @saved_cs_client     = @@character_set_client */;
/*!40101 SET character_set_client = utf8 */;
CREATE TABLE `potvrda` (
  `Id` int(11) NOT NULL AUTO_INCREMENT,
  `CLAN_OSOBA_Id` int(11) NOT NULL,
  `POTVRDA_TIP_Id` int(11) NOT NULL,
  `Datum` date NOT NULL,
  `Tekst` longblob NOT NULL,
  PRIMARY KEY (`Id`),
  KEY `fk_CLAN_has_POTVRDA_TIP_POTVRDA_TIP1_idx` (`POTVRDA_TIP_Id`),
  KEY `fk_CLAN_has_POTVRDA_TIP_CLAN1_idx` (`CLAN_OSOBA_Id`),
  CONSTRAINT `fk_CLAN_has_POTVRDA_TIP_CLAN1` FOREIGN KEY (`CLAN_OSOBA_Id`) REFERENCES `clan` (`OSOBA_Id`) ON DELETE NO ACTION ON UPDATE NO ACTION,
  CONSTRAINT `fk_CLAN_has_POTVRDA_TIP_POTVRDA_TIP1` FOREIGN KEY (`POTVRDA_TIP_Id`) REFERENCES `potvrda_tip` (`Id`) ON DELETE NO ACTION ON UPDATE NO ACTION
) ENGINE=InnoDB DEFAULT CHARSET=utf8;
/*!40101 SET character_set_client = @saved_cs_client */;

--
-- Dumping data for table `potvrda`
--

LOCK TABLES `potvrda` WRITE;
/*!40000 ALTER TABLE `potvrda` DISABLE KEYS */;
/*!40000 ALTER TABLE `potvrda` ENABLE KEYS */;
UNLOCK TABLES;

--
-- Table structure for table `potvrda_tip`
--

DROP TABLE IF EXISTS `potvrda_tip`;
/*!40101 SET @saved_cs_client     = @@character_set_client */;
/*!40101 SET character_set_client = utf8 */;
CREATE TABLE `potvrda_tip` (
  `Id` int(11) NOT NULL AUTO_INCREMENT,
  `Tip` varchar(45) NOT NULL,
  PRIMARY KEY (`Id`)
) ENGINE=InnoDB DEFAULT CHARSET=utf8;
/*!40101 SET character_set_client = @saved_cs_client */;

--
-- Dumping data for table `potvrda_tip`
--

LOCK TABLES `potvrda_tip` WRITE;
/*!40000 ALTER TABLE `potvrda_tip` DISABLE KEYS */;
/*!40000 ALTER TABLE `potvrda_tip` ENABLE KEYS */;
UNLOCK TABLES;

--
-- Temporary view structure for view `prikaz_clana`
--

DROP TABLE IF EXISTS `prikaz_clana`;
/*!50001 DROP VIEW IF EXISTS `prikaz_clana`*/;
SET @saved_cs_client     = @@character_set_client;
SET character_set_client = utf8;
/*!50001 CREATE VIEW `prikaz_clana` AS SELECT 
 1 AS `Id`,
 1 AS `JMB`,
 1 AS `Ime`,
 1 AS `ImeRoditelja`,
 1 AS `Prezime`,
 1 AS `Pol`,
 1 AS `DatumRodjenja`,
 1 AS `Fotografija`,
 1 AS `Aktivan`,
 1 AS `Registrovan`*/;
SET character_set_client = @saved_cs_client;

--
-- Temporary view structure for view `prikaz_clanarina`
--

DROP TABLE IF EXISTS `prikaz_clanarina`;
/*!50001 DROP VIEW IF EXISTS `prikaz_clanarina`*/;
SET @saved_cs_client     = @@character_set_client;
SET character_set_client = utf8;
/*!50001 CREATE VIEW `prikaz_clanarina` AS SELECT 
 1 AS `id`,
 1 AS `ime`,
 1 AS `prezime`,
 1 AS `mjesec`,
 1 AS `godina`,
 1 AS `datum`,
 1 AS `iznos`,
 1 AS `opis`,
 1 AS `Tip`,
 1 AS `OSOBA_Id`*/;
SET character_set_client = @saved_cs_client;

--
-- Temporary view structure for view `prikaz_opreme_clana`
--

DROP TABLE IF EXISTS `prikaz_opreme_clana`;
/*!50001 DROP VIEW IF EXISTS `prikaz_opreme_clana`*/;
SET @saved_cs_client     = @@character_set_client;
SET character_set_client = utf8;
/*!50001 CREATE VIEW `prikaz_opreme_clana` AS SELECT 
 1 AS `Id`,
 1 AS `OPREMA_TIP_Id`,
 1 AS `Obrisan`,
 1 AS `Tip`,
 1 AS `Proizvodjac`,
 1 AS `Model`,
 1 AS `NARUDZBA_Id`,
 1 AS `Velicina`,
 1 AS `CLAN_Id`,
 1 AS `JMB`,
 1 AS `Ime`,
 1 AS `Prezime`*/;
SET character_set_client = @saved_cs_client;

--
-- Temporary view structure for view `prikaz_opreme_kluba`
--

DROP TABLE IF EXISTS `prikaz_opreme_kluba`;
/*!50001 DROP VIEW IF EXISTS `prikaz_opreme_kluba`*/;
SET @saved_cs_client     = @@character_set_client;
SET character_set_client = utf8;
/*!50001 CREATE VIEW `prikaz_opreme_kluba` AS SELECT 
 1 AS `Id`,
 1 AS `Donirana`,
 1 AS `OPREMA_TIP_Id`,
 1 AS `Obrisan`,
 1 AS `Tip`,
 1 AS `Proizvodjac`,
 1 AS `Model`,
 1 AS `NARUDZBA_Id`,
 1 AS `DONACIJA_SPONZOR_Id`,
 1 AS `DONACIJA_UGOVOR_RedniBroj`,
 1 AS `DONACIJA_RedniBroj`,
 1 AS `Velicina`,
 1 AS `Opis`,
 1 AS `Aktivan`*/;
SET character_set_client = @saved_cs_client;

--
-- Temporary view structure for view `prikaz_plata`
--

DROP TABLE IF EXISTS `prikaz_plata`;
/*!50001 DROP VIEW IF EXISTS `prikaz_plata`*/;
SET @saved_cs_client     = @@character_set_client;
SET character_set_client = utf8;
/*!50001 CREATE VIEW `prikaz_plata` AS SELECT 
 1 AS `OSOBA_Id`,
 1 AS `Ime`,
 1 AS `Prezime`,
 1 AS `ImeRoditelja`,
 1 AS `JMB`,
 1 AS `Pol`,
 1 AS `DatumRodjenja`,
 1 AS `Fotografija`,
 1 AS `Aktivan`,
 1 AS `Iznos`,
 1 AS `Datum`,
 1 AS `Opis`,
 1 AS `Id`,
 1 AS `Tip`*/;
SET character_set_client = @saved_cs_client;

--
-- Temporary view structure for view `prikaz_transakcija`
--

DROP TABLE IF EXISTS `prikaz_transakcija`;
/*!50001 DROP VIEW IF EXISTS `prikaz_transakcija`*/;
SET @saved_cs_client     = @@character_set_client;
SET character_set_client = utf8;
/*!50001 CREATE VIEW `prikaz_transakcija` AS SELECT 
 1 AS `Id`,
 1 AS `Datum`,
 1 AS `Iznos`,
 1 AS `Opis`,
 1 AS `jeUplata`,
 1 AS `Tip`*/;
SET character_set_client = @saved_cs_client;

--
-- Temporary view structure for view `prikaz_troskovi_oprema`
--

DROP TABLE IF EXISTS `prikaz_troskovi_oprema`;
/*!50001 DROP VIEW IF EXISTS `prikaz_troskovi_oprema`*/;
SET @saved_cs_client     = @@character_set_client;
SET character_set_client = utf8;
/*!50001 CREATE VIEW `prikaz_troskovi_oprema` AS SELECT 
 1 AS `Id`,
 1 AS `DISTRIBUTER_OPREME_Id`,
 1 AS `TRANSAKCIJA_Id`,
 1 AS `Datum`,
 1 AS `Iznos`,
 1 AS `Opis`,
 1 AS `Tip`,
 1 AS `nDatum`*/;
SET character_set_client = @saved_cs_client;

--
-- Temporary view structure for view `prikaz_troskovi_turnir`
--

DROP TABLE IF EXISTS `prikaz_troskovi_turnir`;
/*!50001 DROP VIEW IF EXISTS `prikaz_troskovi_turnir`*/;
SET @saved_cs_client     = @@character_set_client;
SET character_set_client = utf8;
/*!50001 CREATE VIEW `prikaz_troskovi_turnir` AS SELECT 
 1 AS `turnirId`,
 1 AS `Naziv`,
 1 AS `turnirDatum`,
 1 AS `Id`,
 1 AS `Datum`,
 1 AS `Iznos`,
 1 AS `Opis`,
 1 AS `Tip`*/;
SET character_set_client = @saved_cs_client;

--
-- Temporary view structure for view `prikaz_uplata_turnir`
--

DROP TABLE IF EXISTS `prikaz_uplata_turnir`;
/*!50001 DROP VIEW IF EXISTS `prikaz_uplata_turnir`*/;
SET @saved_cs_client     = @@character_set_client;
SET character_set_client = utf8;
/*!50001 CREATE VIEW `prikaz_uplata_turnir` AS SELECT 
 1 AS `Ime`,
 1 AS `Prezime`,
 1 AS `osobaId`,
 1 AS `iznos`,
 1 AS `datum`,
 1 AS `opis`,
 1 AS `Tip`,
 1 AS `prijavaId`,
 1 AS `transakcijaId`,
 1 AS `TURNIR_Id`*/;
SET character_set_client = @saved_cs_client;

--
-- Table structure for table `registracija`
--

DROP TABLE IF EXISTS `registracija`;
/*!40101 SET @saved_cs_client     = @@character_set_client */;
/*!40101 SET character_set_client = utf8 */;
CREATE TABLE `registracija` (
  `Sezona` char(9) NOT NULL,
  `Datum` date NOT NULL,
  `KATEGORIJA_Id` int(11) NOT NULL,
  `Plasman` int(11) DEFAULT NULL,
  `CLAN_Id` int(11) NOT NULL,
  `A` int(11) DEFAULT NULL,
  `A1` int(11) DEFAULT NULL,
  `B` int(11) DEFAULT NULL,
  `B1` int(11) DEFAULT NULL,
  `C` int(11) DEFAULT NULL,
  `C1` int(11) DEFAULT NULL,
  `D` int(11) DEFAULT NULL,
  `D1` int(11) DEFAULT NULL,
  `E` int(11) DEFAULT NULL,
  `E1` int(11) DEFAULT NULL,
  `F` int(11) DEFAULT NULL,
  `F1` int(11) DEFAULT NULL,
  `Kup` int(11) DEFAULT NULL,
  `Pr.Liga` int(11) DEFAULT NULL,
  `Play-off` int(11) DEFAULT NULL,
  `Ukupno` int(11) DEFAULT NULL,
  PRIMARY KEY (`Sezona`,`KATEGORIJA_Id`,`CLAN_Id`),
  KEY `fk_REGISTRACIJA_KATEGORIJA1_idx` (`KATEGORIJA_Id`),
  KEY `fk_REGISTRACIJA_CLAN1_idx` (`CLAN_Id`),
  CONSTRAINT `fk_REGISTRACIJA_CLAN1` FOREIGN KEY (`CLAN_Id`) REFERENCES `clan` (`OSOBA_Id`) ON DELETE NO ACTION ON UPDATE NO ACTION,
  CONSTRAINT `fk_REGISTRACIJA_KATEGORIJA1` FOREIGN KEY (`KATEGORIJA_Id`) REFERENCES `kategorija` (`Id`) ON DELETE NO ACTION ON UPDATE NO ACTION
) ENGINE=InnoDB DEFAULT CHARSET=utf8;
/*!40101 SET character_set_client = @saved_cs_client */;

--
-- Dumping data for table `registracija`
--

LOCK TABLES `registracija` WRITE;
/*!40000 ALTER TABLE `registracija` DISABLE KEYS */;
INSERT INTO `registracija` VALUES ('2017/2018','2017-09-09',1,45,27,0,0,0,0,0,0,5,20,0,0,0,0,0,NULL,NULL,25),('2017/2018','2017-09-01',1,NULL,29,NULL,NULL,NULL,NULL,NULL,NULL,NULL,NULL,NULL,NULL,NULL,NULL,NULL,NULL,NULL,NULL),('2017/2018','2017-09-11',7,3,24,30,90,45,105,20,90,30,180,0,0,0,0,0,NULL,NULL,590);
/*!40000 ALTER TABLE `registracija` ENABLE KEYS */;
UNLOCK TABLES;

--
-- Table structure for table `runda`
--

DROP TABLE IF EXISTS `runda`;
/*!40101 SET @saved_cs_client     = @@character_set_client */;
/*!40101 SET character_set_client = utf8 */;
CREATE TABLE `runda` (
  `ZRIJEB_Id` int(11) NOT NULL,
  `Broj` int(11) NOT NULL,
  PRIMARY KEY (`ZRIJEB_Id`,`Broj`),
  CONSTRAINT `fk_RUNDA_ZRIJEB1` FOREIGN KEY (`ZRIJEB_Id`) REFERENCES `zrijeb` (`Id`) ON DELETE NO ACTION ON UPDATE NO ACTION
) ENGINE=InnoDB DEFAULT CHARSET=utf8;
/*!40101 SET character_set_client = @saved_cs_client */;

--
-- Dumping data for table `runda`
--

LOCK TABLES `runda` WRITE;
/*!40000 ALTER TABLE `runda` DISABLE KEYS */;
/*!40000 ALTER TABLE `runda` ENABLE KEYS */;
UNLOCK TABLES;

--
-- Table structure for table `skupstina`
--

DROP TABLE IF EXISTS `skupstina`;
/*!40101 SET @saved_cs_client     = @@character_set_client */;
/*!40101 SET character_set_client = utf8 */;
CREATE TABLE `skupstina` (
  `Id` int(11) NOT NULL AUTO_INCREMENT,
  `Datum` date NOT NULL,
  PRIMARY KEY (`Id`)
) ENGINE=InnoDB AUTO_INCREMENT=7 DEFAULT CHARSET=utf8;
/*!40101 SET character_set_client = @saved_cs_client */;

--
-- Dumping data for table `skupstina`
--

LOCK TABLES `skupstina` WRITE;
/*!40000 ALTER TABLE `skupstina` DISABLE KEYS */;
INSERT INTO `skupstina` VALUES (3,'2018-02-01'),(4,'2018-01-23'),(5,'2018-03-08'),(6,'2018-04-01');
/*!40000 ALTER TABLE `skupstina` ENABLE KEYS */;
UNLOCK TABLES;

--
-- Table structure for table `sponzor`
--

DROP TABLE IF EXISTS `sponzor`;
/*!40101 SET @saved_cs_client     = @@character_set_client */;
/*!40101 SET character_set_client = utf8 */;
CREATE TABLE `sponzor` (
  `Id` int(11) NOT NULL AUTO_INCREMENT,
  `Naziv` varchar(45) NOT NULL,
  `Adresa` varchar(45) DEFAULT NULL,
  `Mail` varchar(45) DEFAULT NULL,
  PRIMARY KEY (`Id`)
) ENGINE=InnoDB AUTO_INCREMENT=13 DEFAULT CHARSET=utf8;
/*!40101 SET character_set_client = @saved_cs_client */;

--
-- Dumping data for table `sponzor`
--

LOCK TABLES `sponzor` WRITE;
/*!40000 ALTER TABLE `sponzor` DISABLE KEYS */;
INSERT INTO `sponzor` VALUES (5,'Malina Sport','Petra Kocica 25, 78000 Banjaluka, RS, BiH','info@malina.com'),(6,'Pekara Brada','Karadjordjeva 30, 78000 Banjaluka, RS, BiH','info@brada.com'),(7,'Knjizara Helena','Savska bb, Srbac, RS, BiH','info@helena.com'),(8,'Cvjecara Maja','Krfska bb, Kukulje, RS, BiH','info@maja.com'),(9,'Malina Sport','Petra Kocica 25, 78000 Banjaluka, RS, BiH','info@malina.com'),(10,'Pekara Brada','Karadjordjeva 30, 78000 Banjaluka, RS, BiH','info@brada.com'),(11,'Knjizara Helena','Savska bb, Srbac, RS, BiH','info@helena.com'),(12,'Cvjecara Maja','Krfska bb, Kukulje, RS, BiH','info@maja.com');
/*!40000 ALTER TABLE `sponzor` ENABLE KEYS */;
UNLOCK TABLES;

--
-- Table structure for table `telefon`
--

DROP TABLE IF EXISTS `telefon`;
/*!40101 SET @saved_cs_client     = @@character_set_client */;
/*!40101 SET character_set_client = utf8 */;
CREATE TABLE `telefon` (
  `BrojTelefona` varchar(15) NOT NULL,
  `OSOBA_Id` int(11) DEFAULT NULL,
  `SPONZOR_Id` int(11) DEFAULT NULL,
  PRIMARY KEY (`BrojTelefona`),
  KEY `fk_TELEFON_OSOBA_idx` (`OSOBA_Id`),
  KEY `fk_TELEFON_SPONZOR1_idx` (`SPONZOR_Id`),
  CONSTRAINT `fk_TELEFON_OSOBA` FOREIGN KEY (`OSOBA_Id`) REFERENCES `osoba` (`Id`) ON DELETE NO ACTION ON UPDATE NO ACTION,
  CONSTRAINT `fk_TELEFON_SPONZOR1` FOREIGN KEY (`SPONZOR_Id`) REFERENCES `sponzor` (`Id`) ON DELETE NO ACTION ON UPDATE NO ACTION
) ENGINE=InnoDB DEFAULT CHARSET=utf8;
/*!40101 SET character_set_client = @saved_cs_client */;

--
-- Dumping data for table `telefon`
--

LOCK TABLES `telefon` WRITE;
/*!40000 ALTER TABLE `telefon` DISABLE KEYS */;
INSERT INTO `telefon` VALUES ('065/111-111',29,NULL),('065/111-112',29,NULL),('065/222-111',30,NULL),('065/333-111',31,NULL),('065/333-112',31,NULL),('065/333-113',31,NULL),('066/555-333',23,NULL);
/*!40000 ALTER TABLE `telefon` ENABLE KEYS */;
UNLOCK TABLES;

--
-- Table structure for table `tim`
--

DROP TABLE IF EXISTS `tim`;
/*!40101 SET @saved_cs_client     = @@character_set_client */;
/*!40101 SET character_set_client = utf8 */;
CREATE TABLE `tim` (
  `Id` int(11) NOT NULL AUTO_INCREMENT,
  `UCESNIK1_PRIJAVA_Id` int(11) NOT NULL,
  `UCESNIK2_PRIJAVA_Id` int(11) DEFAULT NULL,
  PRIMARY KEY (`Id`),
  KEY `fk_TIM_UCESNIK_PRIJAVA1_idx` (`UCESNIK1_PRIJAVA_Id`),
  KEY `fk_TIM_UCESNIK_PRIJAVA2_idx` (`UCESNIK2_PRIJAVA_Id`),
  CONSTRAINT `fk_TIM_UCESNIK_PRIJAVA1` FOREIGN KEY (`UCESNIK1_PRIJAVA_Id`) REFERENCES `ucesnik_prijava` (`Id`) ON DELETE NO ACTION ON UPDATE NO ACTION,
  CONSTRAINT `fk_TIM_UCESNIK_PRIJAVA2` FOREIGN KEY (`UCESNIK2_PRIJAVA_Id`) REFERENCES `ucesnik_prijava` (`Id`) ON DELETE NO ACTION ON UPDATE NO ACTION
) ENGINE=InnoDB AUTO_INCREMENT=3 DEFAULT CHARSET=utf8;
/*!40101 SET character_set_client = @saved_cs_client */;

--
-- Dumping data for table `tim`
--

LOCK TABLES `tim` WRITE;
/*!40000 ALTER TABLE `tim` DISABLE KEYS */;
INSERT INTO `tim` VALUES (1,1,NULL),(2,2,NULL);
/*!40000 ALTER TABLE `tim` ENABLE KEYS */;
UNLOCK TABLES;

--
-- Table structure for table `tip_transakcije`
--

DROP TABLE IF EXISTS `tip_transakcije`;
/*!40101 SET @saved_cs_client     = @@character_set_client */;
/*!40101 SET character_set_client = utf8 */;
CREATE TABLE `tip_transakcije` (
  `Id` int(11) NOT NULL AUTO_INCREMENT,
  `Tip` varchar(45) NOT NULL,
  PRIMARY KEY (`Id`)
) ENGINE=InnoDB AUTO_INCREMENT=2 DEFAULT CHARSET=utf8;
/*!40101 SET character_set_client = @saved_cs_client */;

--
-- Dumping data for table `tip_transakcije`
--

LOCK TABLES `tip_transakcije` WRITE;
/*!40000 ALTER TABLE `tip_transakcije` DISABLE KEYS */;
INSERT INTO `tip_transakcije` VALUES (1,'Clanarina');
/*!40000 ALTER TABLE `tip_transakcije` ENABLE KEYS */;
UNLOCK TABLES;

--
-- Table structure for table `transakcija`
--

DROP TABLE IF EXISTS `transakcija`;
/*!40101 SET @saved_cs_client     = @@character_set_client */;
/*!40101 SET character_set_client = utf8 */;
CREATE TABLE `transakcija` (
  `Id` int(11) NOT NULL AUTO_INCREMENT,
  `Datum` date NOT NULL,
  `Iznos` decimal(8,2) NOT NULL,
  `Opis` varchar(100) DEFAULT NULL,
  `jeUplata` tinyint(4) NOT NULL,
  `TIP_TRANSAKCIJE_Id` int(11) NOT NULL,
  `Obrisan` tinyint(1) NOT NULL,
  PRIMARY KEY (`Id`),
  KEY `fk_TRANSAKCIJA_TIP_TRANSAKCIJE1_idx` (`TIP_TRANSAKCIJE_Id`),
  CONSTRAINT `fk_TRANSAKCIJA_TIP_TRANSAKCIJE1` FOREIGN KEY (`TIP_TRANSAKCIJE_Id`) REFERENCES `tip_transakcije` (`Id`) ON DELETE NO ACTION ON UPDATE NO ACTION
) ENGINE=InnoDB AUTO_INCREMENT=9 DEFAULT CHARSET=utf8;
/*!40101 SET character_set_client = @saved_cs_client */;

--
-- Dumping data for table `transakcija`
--

LOCK TABLES `transakcija` WRITE;
/*!40000 ALTER TABLE `transakcija` DISABLE KEYS */;
INSERT INTO `transakcija` VALUES (1,'2017-03-03',20.00,'opisss',1,1,0),(2,'2017-03-03',20.00,'opisss',1,1,0),(3,'2017-03-03',20.00,'opisss',1,1,0),(4,'2017-03-03',20.00,'opisss',1,1,0),(5,'2017-03-03',20.00,'opisss',1,1,0),(6,'2017-03-03',20.00,'opisss',1,1,0),(7,'2017-03-03',20.00,'opisss',1,1,0),(8,'2017-03-03',20.00,'opisss',1,1,0);
/*!40000 ALTER TABLE `transakcija` ENABLE KEYS */;
UNLOCK TABLES;

--
-- Table structure for table `trening`
--

DROP TABLE IF EXISTS `trening`;
/*!40101 SET @saved_cs_client     = @@character_set_client */;
/*!40101 SET character_set_client = utf8 */;
CREATE TABLE `trening` (
  `Id` int(11) NOT NULL AUTO_INCREMENT,
  `Datum` date NOT NULL,
  `Opis` varchar(250) DEFAULT NULL,
  `CLAN_Id` int(11) NOT NULL,
  PRIMARY KEY (`Id`),
  KEY `fk_TRENING_CLAN1_idx` (`CLAN_Id`),
  CONSTRAINT `fk_TRENING_CLAN1` FOREIGN KEY (`CLAN_Id`) REFERENCES `clan` (`OSOBA_Id`) ON DELETE NO ACTION ON UPDATE NO ACTION
) ENGINE=InnoDB AUTO_INCREMENT=8 DEFAULT CHARSET=utf8;
/*!40101 SET character_set_client = @saved_cs_client */;

--
-- Dumping data for table `trening`
--

LOCK TABLES `trening` WRITE;
/*!40000 ALTER TABLE `trening` DISABLE KEYS */;
INSERT INTO `trening` VALUES (1,'2017-12-21','Trening je bio dobar, ali ja sam još bolji',23),(2,'2017-12-22','Test današnji datum\nok',23),(3,'2017-11-29','Helena trening',5),(4,'2016-10-11','2016',23),(5,'2017-10-12','2017',23),(6,'2017-12-08','Proba',23),(7,'2017-12-28','forhendi?i?',23);
/*!40000 ALTER TABLE `trening` ENABLE KEYS */;
UNLOCK TABLES;

--
-- Table structure for table `troskovi_oprema`
--

DROP TABLE IF EXISTS `troskovi_oprema`;
/*!40101 SET @saved_cs_client     = @@character_set_client */;
/*!40101 SET character_set_client = utf8 */;
CREATE TABLE `troskovi_oprema` (
  `TRANSAKCIJA_Id` int(11) NOT NULL,
  `NARUDZBA_Id` int(11) NOT NULL,
  PRIMARY KEY (`TRANSAKCIJA_Id`),
  KEY `fk_TROSKOVI_OPREMA_NARUDZBA1_idx` (`NARUDZBA_Id`),
  CONSTRAINT `fk_TROSKOVI_OPREMA_NARUDZBA1` FOREIGN KEY (`NARUDZBA_Id`) REFERENCES `narudzba` (`Id`) ON DELETE NO ACTION ON UPDATE NO ACTION,
  CONSTRAINT `fk_TROSKOVI_OPREMA_TRANSAKCIJA1` FOREIGN KEY (`TRANSAKCIJA_Id`) REFERENCES `transakcija` (`Id`) ON DELETE NO ACTION ON UPDATE NO ACTION
) ENGINE=InnoDB DEFAULT CHARSET=utf8;
/*!40101 SET character_set_client = @saved_cs_client */;

--
-- Dumping data for table `troskovi_oprema`
--

LOCK TABLES `troskovi_oprema` WRITE;
/*!40000 ALTER TABLE `troskovi_oprema` DISABLE KEYS */;
/*!40000 ALTER TABLE `troskovi_oprema` ENABLE KEYS */;
UNLOCK TABLES;

--
-- Table structure for table `troskovi_turnir`
--

DROP TABLE IF EXISTS `troskovi_turnir`;
/*!40101 SET @saved_cs_client     = @@character_set_client */;
/*!40101 SET character_set_client = utf8 */;
CREATE TABLE `troskovi_turnir` (
  `TRANSAKCIJA_Id` int(11) NOT NULL,
  `TURNIR_Id` int(11) NOT NULL,
  PRIMARY KEY (`TRANSAKCIJA_Id`),
  KEY `fk_TROSKOVI_TURNIR_TURNIR1_idx` (`TURNIR_Id`),
  CONSTRAINT `fk_TROSKOVI_TURNIR_TRANSAKCIJA1` FOREIGN KEY (`TRANSAKCIJA_Id`) REFERENCES `transakcija` (`Id`) ON DELETE NO ACTION ON UPDATE NO ACTION,
  CONSTRAINT `fk_TROSKOVI_TURNIR_TURNIR1` FOREIGN KEY (`TURNIR_Id`) REFERENCES `turnir` (`Id`) ON DELETE NO ACTION ON UPDATE NO ACTION
) ENGINE=InnoDB DEFAULT CHARSET=utf8;
/*!40101 SET character_set_client = @saved_cs_client */;

--
-- Dumping data for table `troskovi_turnir`
--

LOCK TABLES `troskovi_turnir` WRITE;
/*!40000 ALTER TABLE `troskovi_turnir` DISABLE KEYS */;
/*!40000 ALTER TABLE `troskovi_turnir` ENABLE KEYS */;
UNLOCK TABLES;

--
-- Table structure for table `turnir`
--

DROP TABLE IF EXISTS `turnir`;
/*!40101 SET @saved_cs_client     = @@character_set_client */;
/*!40101 SET character_set_client = utf8 */;
CREATE TABLE `turnir` (
  `Id` int(11) NOT NULL AUTO_INCREMENT,
  `Naziv` varchar(45) NOT NULL,
  `Datum` date NOT NULL,
  `Zavrsen` tinyint(4) NOT NULL DEFAULT '0',
  PRIMARY KEY (`Id`)
) ENGINE=InnoDB AUTO_INCREMENT=2 DEFAULT CHARSET=utf8;
/*!40101 SET character_set_client = @saved_cs_client */;

--
-- Dumping data for table `turnir`
--

LOCK TABLES `turnir` WRITE;
/*!40000 ALTER TABLE `turnir` DISABLE KEYS */;
INSERT INTO `turnir` VALUES (1,'1. Me?unarodni turnir Banja Luka Open','2018-01-04',0);
/*!40000 ALTER TABLE `turnir` ENABLE KEYS */;
UNLOCK TABLES;

--
-- Table structure for table `turnir_kategorija`
--

DROP TABLE IF EXISTS `turnir_kategorija`;
/*!40101 SET @saved_cs_client     = @@character_set_client */;
/*!40101 SET character_set_client = utf8 */;
CREATE TABLE `turnir_kategorija` (
  `Id` int(11) NOT NULL AUTO_INCREMENT,
  `Kategorija` varchar(45) NOT NULL,
  PRIMARY KEY (`Id`)
) ENGINE=InnoDB AUTO_INCREMENT=5 DEFAULT CHARSET=utf8;
/*!40101 SET character_set_client = @saved_cs_client */;

--
-- Dumping data for table `turnir_kategorija`
--

LOCK TABLES `turnir_kategorija` WRITE;
/*!40000 ALTER TABLE `turnir_kategorija` DISABLE KEYS */;
INSERT INTO `turnir_kategorija` VALUES (1,'Muški singl'),(2,'Ženski singl'),(3,'Muški dubl'),(4,'Ženski dubl');
/*!40000 ALTER TABLE `turnir_kategorija` ENABLE KEYS */;
UNLOCK TABLES;

--
-- Table structure for table `ucesce_na_turniru`
--

DROP TABLE IF EXISTS `ucesce_na_turniru`;
/*!40101 SET @saved_cs_client     = @@character_set_client */;
/*!40101 SET character_set_client = utf8 */;
CREATE TABLE `ucesce_na_turniru` (
  `TRANSAKCIJA_Id` int(11) NOT NULL,
  `UCESNIK_PRIJAVA_Id` int(11) NOT NULL,
  PRIMARY KEY (`TRANSAKCIJA_Id`),
  KEY `fk_UCESCE_NA_TURNIRU_UCESNIK_PRIJAVA1_idx` (`UCESNIK_PRIJAVA_Id`),
  CONSTRAINT `fk_UCESCE_NA_TURNIRU_TRANSAKCIJA1` FOREIGN KEY (`TRANSAKCIJA_Id`) REFERENCES `transakcija` (`Id`) ON DELETE NO ACTION ON UPDATE NO ACTION,
  CONSTRAINT `fk_UCESCE_NA_TURNIRU_UCESNIK_PRIJAVA1` FOREIGN KEY (`UCESNIK_PRIJAVA_Id`) REFERENCES `ucesnik_prijava` (`Id`) ON DELETE NO ACTION ON UPDATE NO ACTION
) ENGINE=InnoDB DEFAULT CHARSET=utf8;
/*!40101 SET character_set_client = @saved_cs_client */;

--
-- Dumping data for table `ucesce_na_turniru`
--

LOCK TABLES `ucesce_na_turniru` WRITE;
/*!40000 ALTER TABLE `ucesce_na_turniru` DISABLE KEYS */;
/*!40000 ALTER TABLE `ucesce_na_turniru` ENABLE KEYS */;
UNLOCK TABLES;

--
-- Table structure for table `ucesnik_prijava`
--

DROP TABLE IF EXISTS `ucesnik_prijava`;
/*!40101 SET @saved_cs_client     = @@character_set_client */;
/*!40101 SET character_set_client = utf8 */;
CREATE TABLE `ucesnik_prijava` (
  `Id` int(11) NOT NULL AUTO_INCREMENT,
  `TURNIR_Id` int(11) NOT NULL,
  `TURNIR_KATEGORIJA_Id` int(11) NOT NULL,
  `OSOBA_Id` int(11) NOT NULL,
  `Datum` date NOT NULL,
  PRIMARY KEY (`Id`),
  KEY `fk_UCESNIK_has_TURNIR_TURNIR1_idx` (`TURNIR_Id`),
  KEY `fk_PRIJAVA_TURNIR_KATEGORIJA1_idx` (`TURNIR_KATEGORIJA_Id`),
  KEY `fk_PRIJAVA_OSOBA1_idx` (`OSOBA_Id`),
  CONSTRAINT `fk_PRIJAVA_OSOBA1` FOREIGN KEY (`OSOBA_Id`) REFERENCES `osoba` (`Id`) ON DELETE NO ACTION ON UPDATE NO ACTION,
  CONSTRAINT `fk_PRIJAVA_TURNIR_KATEGORIJA1` FOREIGN KEY (`TURNIR_KATEGORIJA_Id`) REFERENCES `turnir_kategorija` (`Id`) ON DELETE NO ACTION ON UPDATE NO ACTION,
  CONSTRAINT `fk_UCESNIK_has_TURNIR_TURNIR1` FOREIGN KEY (`TURNIR_Id`) REFERENCES `turnir` (`Id`) ON DELETE NO ACTION ON UPDATE NO ACTION
) ENGINE=InnoDB AUTO_INCREMENT=3 DEFAULT CHARSET=utf8;
/*!40101 SET character_set_client = @saved_cs_client */;

--
-- Dumping data for table `ucesnik_prijava`
--

LOCK TABLES `ucesnik_prijava` WRITE;
/*!40000 ALTER TABLE `ucesnik_prijava` DISABLE KEYS */;
INSERT INTO `ucesnik_prijava` VALUES (1,1,1,28,'2017-12-28'),(2,1,1,35,'2018-01-12');
/*!40000 ALTER TABLE `ucesnik_prijava` ENABLE KEYS */;
UNLOCK TABLES;

--
-- Table structure for table `ugovor_sponzor`
--

DROP TABLE IF EXISTS `ugovor_sponzor`;
/*!40101 SET @saved_cs_client     = @@character_set_client */;
/*!40101 SET character_set_client = utf8 */;
CREATE TABLE `ugovor_sponzor` (
  `RedniBroj` int(11) NOT NULL,
  `DatumOd` date NOT NULL,
  `DatumDo` date DEFAULT NULL,
  `SPONZOR_Id` int(11) NOT NULL,
  `Opis` varchar(500) DEFAULT NULL,
  PRIMARY KEY (`RedniBroj`,`SPONZOR_Id`),
  KEY `fk_UGOVOR_SPONZOR_SPONZOR1_idx` (`SPONZOR_Id`),
  CONSTRAINT `fk_UGOVOR_SPONZOR_SPONZOR1` FOREIGN KEY (`SPONZOR_Id`) REFERENCES `sponzor` (`Id`) ON DELETE NO ACTION ON UPDATE NO ACTION
) ENGINE=InnoDB DEFAULT CHARSET=utf8;
/*!40101 SET character_set_client = @saved_cs_client */;

--
-- Dumping data for table `ugovor_sponzor`
--

LOCK TABLES `ugovor_sponzor` WRITE;
/*!40000 ALTER TABLE `ugovor_sponzor` DISABLE KEYS */;
INSERT INTO `ugovor_sponzor` VALUES (1,'2014-01-01','2020-01-01',5,'Ugovor o sponzorisanju'),(1,'2017-02-02','2018-01-01',6,'Ugovor o sponzorisanju'),(1,'2017-02-02','2019-01-01',7,'Ugovor o sponzorisanju'),(1,'2015-02-02','2020-01-01',8,'Ugovor o sponzorisanju'),(1,'2014-01-01','2020-01-01',9,'Ugovor o sponzorisanju'),(1,'2017-02-02','2018-01-01',10,'Ugovor o sponzorisanju'),(1,'2017-02-02','2019-01-01',11,'Ugovor o sponzorisanju'),(1,'2015-02-02','2020-01-01',12,'Ugovor o sponzorisanju'),(2,'2017-12-23',NULL,5,'Novcana donacija'),(2,'2017-12-25',NULL,6,'Novcana donacija'),(2,'2017-12-26',NULL,7,'Donacija rekvizita'),(3,'2017-12-25',NULL,5,'Donacija sportske opreme'),(3,'2017-12-25',NULL,6,'Novcana donacija'),(3,'2017-12-26',NULL,7,'Donacija rekvizita'),(4,'2017-12-23',NULL,5,'Novcana donacija'),(5,'2017-12-25',NULL,5,'Donacija sportske opreme');
/*!40000 ALTER TABLE `ugovor_sponzor` ENABLE KEYS */;
UNLOCK TABLES;

--
-- Table structure for table `zaposleni`
--

DROP TABLE IF EXISTS `zaposleni`;
/*!40101 SET @saved_cs_client     = @@character_set_client */;
/*!40101 SET character_set_client = utf8 */;
CREATE TABLE `zaposleni` (
  `Aktivan` tinyint(4) NOT NULL,
  `OSOBA_Id` int(11) NOT NULL,
  PRIMARY KEY (`OSOBA_Id`),
  KEY `fk_ZAPOSLENI_OSOBA1_idx` (`OSOBA_Id`),
  CONSTRAINT `fk_ZAPOSLENI_OSOBA1` FOREIGN KEY (`OSOBA_Id`) REFERENCES `osoba` (`Id`) ON DELETE NO ACTION ON UPDATE NO ACTION
) ENGINE=InnoDB DEFAULT CHARSET=utf8;
/*!40101 SET character_set_client = @saved_cs_client */;

--
-- Dumping data for table `zaposleni`
--

LOCK TABLES `zaposleni` WRITE;
/*!40000 ALTER TABLE `zaposleni` DISABLE KEYS */;
INSERT INTO `zaposleni` VALUES (1,16),(1,18),(1,19),(1,20),(1,21),(1,22),(1,31),(1,33),(1,34),(1,38);
/*!40000 ALTER TABLE `zaposleni` ENABLE KEYS */;
UNLOCK TABLES;

--
-- Table structure for table `zaposleni_tip`
--

DROP TABLE IF EXISTS `zaposleni_tip`;
/*!40101 SET @saved_cs_client     = @@character_set_client */;
/*!40101 SET character_set_client = utf8 */;
CREATE TABLE `zaposleni_tip` (
  `Id` int(11) NOT NULL AUTO_INCREMENT,
  `Tip` varchar(45) NOT NULL,
  PRIMARY KEY (`Id`)
) ENGINE=InnoDB AUTO_INCREMENT=11 DEFAULT CHARSET=utf8;
/*!40101 SET character_set_client = @saved_cs_client */;

--
-- Dumping data for table `zaposleni_tip`
--

LOCK TABLES `zaposleni_tip` WRITE;
/*!40000 ALTER TABLE `zaposleni_tip` DISABLE KEYS */;
INSERT INTO `zaposleni_tip` VALUES (1,'Sekretar'),(2,'Trener'),(3,'Racunovodja'),(4,'Direktor'),(5,'Pomocno osoblje'),(6,'Sekretar'),(7,'Trener'),(8,'Racunovodja'),(9,'Direktor'),(10,'Pomocno osoblje');
/*!40000 ALTER TABLE `zaposleni_tip` ENABLE KEYS */;
UNLOCK TABLES;

--
-- Table structure for table `zaposlenje`
--

DROP TABLE IF EXISTS `zaposlenje`;
/*!40101 SET @saved_cs_client     = @@character_set_client */;
/*!40101 SET character_set_client = utf8 */;
CREATE TABLE `zaposlenje` (
  `ZAPOSLENI_TIP_Id` int(11) NOT NULL,
  `ZAPOSLENI_OSOBA_Id` int(11) NOT NULL,
  `DatumOd` date NOT NULL,
  `DatumDo` date DEFAULT NULL,
  `Plata` decimal(8,2) NOT NULL,
  PRIMARY KEY (`ZAPOSLENI_TIP_Id`,`ZAPOSLENI_OSOBA_Id`,`DatumOd`),
  KEY `fk_ZAPOSLENI_TIP_has_ZAPOSLENI_ZAPOSLENI1_idx` (`ZAPOSLENI_OSOBA_Id`),
  KEY `fk_ZAPOSLENI_TIP_has_ZAPOSLENI_ZAPOSLENI_TIP1_idx` (`ZAPOSLENI_TIP_Id`),
  CONSTRAINT `fk_ZAPOSLENI_TIP_has_ZAPOSLENI_ZAPOSLENI1` FOREIGN KEY (`ZAPOSLENI_OSOBA_Id`) REFERENCES `zaposleni` (`OSOBA_Id`) ON DELETE NO ACTION ON UPDATE NO ACTION,
  CONSTRAINT `fk_ZAPOSLENI_TIP_has_ZAPOSLENI_ZAPOSLENI_TIP1` FOREIGN KEY (`ZAPOSLENI_TIP_Id`) REFERENCES `zaposleni_tip` (`Id`) ON DELETE NO ACTION ON UPDATE NO ACTION
) ENGINE=InnoDB DEFAULT CHARSET=utf8;
/*!40101 SET character_set_client = @saved_cs_client */;

--
-- Dumping data for table `zaposlenje`
--

LOCK TABLES `zaposlenje` WRITE;
/*!40000 ALTER TABLE `zaposlenje` DISABLE KEYS */;
INSERT INTO `zaposlenje` VALUES (1,19,'2001-08-10',NULL,1000.00),(1,38,'2018-01-01','2018-01-01',750.00),(2,18,'2011-06-05',NULL,850.00),(2,22,'2010-05-05',NULL,850.00),(2,33,'2016-07-05','2020-05-05',450.00),(3,20,'2007-07-07',NULL,1100.00),(3,34,'2015-01-01',NULL,750.00),(5,21,'2016-05-05','2018-05-05',450.00);
/*!40000 ALTER TABLE `zaposlenje` ENABLE KEYS */;
UNLOCK TABLES;

--
-- Table structure for table `zrijeb`
--

DROP TABLE IF EXISTS `zrijeb`;
/*!40101 SET @saved_cs_client     = @@character_set_client */;
/*!40101 SET character_set_client = utf8 */;
CREATE TABLE `zrijeb` (
  `Id` int(11) NOT NULL AUTO_INCREMENT,
  `TURNIR_Id` int(11) NOT NULL,
  `TURNIR_KATEGORIJA_Id` int(11) NOT NULL,
  `BrojTimova` int(11) NOT NULL DEFAULT '0',
  PRIMARY KEY (`Id`),
  KEY `fk_ZRIJEB_TURNIR_KATEGORIJA1_idx` (`TURNIR_KATEGORIJA_Id`),
  KEY `fk_ZRIJEB_TURNIR1` (`TURNIR_Id`),
  CONSTRAINT `fk_ZRIJEB_TURNIR1` FOREIGN KEY (`TURNIR_Id`) REFERENCES `turnir` (`Id`) ON DELETE NO ACTION ON UPDATE NO ACTION,
  CONSTRAINT `fk_ZRIJEB_TURNIR_KATEGORIJA1` FOREIGN KEY (`TURNIR_KATEGORIJA_Id`) REFERENCES `turnir_kategorija` (`Id`) ON DELETE NO ACTION ON UPDATE NO ACTION
) ENGINE=InnoDB DEFAULT CHARSET=utf8;
/*!40101 SET character_set_client = @saved_cs_client */;

--
-- Dumping data for table `zrijeb`
--

LOCK TABLES `zrijeb` WRITE;
/*!40000 ALTER TABLE `zrijeb` DISABLE KEYS */;
/*!40000 ALTER TABLE `zrijeb` ENABLE KEYS */;
UNLOCK TABLES;

--
-- Dumping events for database 'dzoksrs_db'
--

--
-- Dumping routines for database 'dzoksrs_db'
--
/*!50003 DROP PROCEDURE IF EXISTS `dodajPrijavu` */;
/*!50003 SET @saved_cs_client      = @@character_set_client */ ;
/*!50003 SET @saved_cs_results     = @@character_set_results */ ;
/*!50003 SET @saved_col_connection = @@collation_connection */ ;
/*!50003 SET character_set_client  = utf8 */ ;
/*!50003 SET character_set_results = utf8 */ ;
/*!50003 SET collation_connection  = utf8_general_ci */ ;
/*!50003 SET @saved_sql_mode       = @@sql_mode */ ;
/*!50003 SET sql_mode              = 'NO_AUTO_VALUE_ON_ZERO' */ ;
DELIMITER ;;
CREATE DEFINER=`root`@`localhost` PROCEDURE `dodajPrijavu`(in pTurnirId int,in pTurnirKategorijaId int,in pIdOsobe int,
in pDatum date,out rezultat int)
begin
    insert into UCESNIK_PRIJAVA (TURNIR_Id,TURNIR_KATEGORIJA_Id,OSOBA_Id,Datum)
	values (pTurnirId,pTurnirKategorijaId,pidOsobe,pDatum);
    
    select Id from UCESNIK_PRIJAVA order by Id desc limit 1 into rezultat;
end ;;
DELIMITER ;
/*!50003 SET sql_mode              = @saved_sql_mode */ ;
/*!50003 SET character_set_client  = @saved_cs_client */ ;
/*!50003 SET character_set_results = @saved_cs_results */ ;
/*!50003 SET collation_connection  = @saved_col_connection */ ;
/*!50003 DROP PROCEDURE IF EXISTS `dodaj_budzet` */;
/*!50003 SET @saved_cs_client      = @@character_set_client */ ;
/*!50003 SET @saved_cs_results     = @@character_set_results */ ;
/*!50003 SET @saved_col_connection = @@collation_connection */ ;
/*!50003 SET character_set_client  = utf8 */ ;
/*!50003 SET character_set_results = utf8 */ ;
/*!50003 SET collation_connection  = utf8_general_ci */ ;
/*!50003 SET @saved_sql_mode       = @@sql_mode */ ;
/*!50003 SET sql_mode              = 'NO_AUTO_VALUE_ON_ZERO' */ ;
DELIMITER ;;
CREATE DEFINER=`root`@`localhost` PROCEDURE `dodaj_budzet`(in inSezona varchar(54), in inIznos decimal)
begin
	declare broj int default 0;
    select count(*) from NOVCANA_SREDSTVA n where n.Sezona=inSezona into broj;
    if broj>0 then signal sqlstate '45000' set message_text='Postoji evidentirani iznos budzeta za izabranu sezonu.'; end if;
    insert into NOVCANA_SREDSTVA values (null, inSezona, inIznos, 0, 0);
end ;;
DELIMITER ;
/*!50003 SET sql_mode              = @saved_sql_mode */ ;
/*!50003 SET character_set_client  = @saved_cs_client */ ;
/*!50003 SET character_set_results = @saved_cs_results */ ;
/*!50003 SET collation_connection  = @saved_col_connection */ ;
/*!50003 DROP PROCEDURE IF EXISTS `dodaj_clanarinu` */;
/*!50003 SET @saved_cs_client      = @@character_set_client */ ;
/*!50003 SET @saved_cs_results     = @@character_set_results */ ;
/*!50003 SET @saved_col_connection = @@collation_connection */ ;
/*!50003 SET character_set_client  = utf8 */ ;
/*!50003 SET character_set_results = utf8 */ ;
/*!50003 SET collation_connection  = utf8_general_ci */ ;
/*!50003 SET @saved_sql_mode       = @@sql_mode */ ;
/*!50003 SET sql_mode              = 'NO_AUTO_VALUE_ON_ZERO' */ ;
DELIMITER ;;
CREATE DEFINER=`root`@`localhost` PROCEDURE `dodaj_clanarinu`( in inDatum date, in inIznos decimal(8,2), inOpis varchar(100), 
															in inMjesec int(11), in inGodina year(4), 
                                                            in inClanId int(11),out outId int(11))
begin
	
	insert into TRANSAKCIJA values (null, inDatum, inIznos, inOpis, 1, 1);
    insert into CLANARINA values (inMjesec, inGodina, (select max(Id) from TRANSAKCIJA), inClanId);
    select max(Id) into outId from TRANSAKCIJA;
end ;;
DELIMITER ;
/*!50003 SET sql_mode              = @saved_sql_mode */ ;
/*!50003 SET character_set_client  = @saved_cs_client */ ;
/*!50003 SET character_set_results = @saved_cs_results */ ;
/*!50003 SET collation_connection  = @saved_col_connection */ ;
/*!50003 DROP PROCEDURE IF EXISTS `dodaj_dogadjaj` */;
/*!50003 SET @saved_cs_client      = @@character_set_client */ ;
/*!50003 SET @saved_cs_results     = @@character_set_results */ ;
/*!50003 SET @saved_col_connection = @@collation_connection */ ;
/*!50003 SET character_set_client  = utf8 */ ;
/*!50003 SET character_set_results = utf8 */ ;
/*!50003 SET collation_connection  = utf8_general_ci */ ;
/*!50003 SET @saved_sql_mode       = @@sql_mode */ ;
/*!50003 SET sql_mode              = 'NO_AUTO_VALUE_ON_ZERO' */ ;
DELIMITER ;;
CREATE DEFINER=`root`@`localhost` PROCEDURE `dodaj_dogadjaj`(in pOpis varchar(100),
								in pDogadjajTipId int,
                                in pKorisnickiNalogId int,
                                in pPocetak DateTime,
                                in pKraj DateTime,
                                out pRezId int)
begin
	declare brojac int default 0;
	set pRezId=-1;
    if(pPocetak >= pKraj) then
    begin
		set pRezId=-2;
	end;
    else
		begin
			select count(*) from dogadjaj 
			where ((DOGADJAJ_TIP_Id=pDogadjajTipId) and ((pPocetak>Pocetak and pPocetak<Kraj) or (pKraj>Pocetak and pKraj<Kraj)))
			into brojac;
            if(brojac = 0) then
				begin
					insert into DOGADJAJ values(null, pOpis, pDogadjajTipId, pKorisnickiNalogId, pPocetak, pKraj);
                    select max(Id) from DOGADJAJ into pRezId;
				end;
            end if;
		end;
	end if;
end ;;
DELIMITER ;
/*!50003 SET sql_mode              = @saved_sql_mode */ ;
/*!50003 SET character_set_client  = @saved_cs_client */ ;
/*!50003 SET character_set_results = @saved_cs_results */ ;
/*!50003 SET collation_connection  = @saved_col_connection */ ;
/*!50003 DROP PROCEDURE IF EXISTS `dodaj_donaciju` */;
/*!50003 SET @saved_cs_client      = @@character_set_client */ ;
/*!50003 SET @saved_cs_results     = @@character_set_results */ ;
/*!50003 SET @saved_col_connection = @@collation_connection */ ;
/*!50003 SET character_set_client  = utf8 */ ;
/*!50003 SET character_set_results = utf8 */ ;
/*!50003 SET collation_connection  = utf8_general_ci */ ;
/*!50003 SET @saved_sql_mode       = @@sql_mode */ ;
/*!50003 SET sql_mode              = 'NO_AUTO_VALUE_ON_ZERO' */ ;
DELIMITER ;;
CREATE DEFINER=`root`@`localhost` PROCEDURE `dodaj_donaciju`(in pSponzorId int,
								in pRedniBrojUgovor int,
                                in pOpis varchar(100),
                                in pKolicina decimal(8,2),
                                in pNovcaniIznos decimal(8,2),
                                in pNovcanaDonacija boolean,
                                in pOpremaTipId int,
                                out pUspjesno boolean)
begin
	declare rb int default 1;
	if( ((pKolicina is not null) and (pOpremaTipId=false or pNovcanaDonacija=true or pKolicina<0)) or
		((pNovcaniIznos is not null) and (pOpremaTipId=true or pNovcanaDonacija=false or pNovcaniIznos<0))) then
	begin
		set pUspjesno = false;
        signal sqlstate 'ERROR';
    end;
    else
		begin
			select max(RedniBroj) from DONACIJA where SPONZOR_Id=pSponzorId and UGOVOR_RedniBroj=pRedniBrojUgovor into rb;
            if(rb is null) then
				set rb = 1;
			else
				set rb = rb + 1;
			end if;
            insert into DONACIJA values(rb, pOpis, pKolicina, pNovcaniIznos, pNovcanaDonacija,
										false, pSponzorId, pRedniBrojUgovor, pOpremaTipId, null);
			set pUspjesno=true;
        end;
    end if;
end ;;
DELIMITER ;
/*!50003 SET sql_mode              = @saved_sql_mode */ ;
/*!50003 SET character_set_client  = @saved_cs_client */ ;
/*!50003 SET character_set_results = @saved_cs_results */ ;
/*!50003 SET collation_connection  = @saved_col_connection */ ;
/*!50003 DROP PROCEDURE IF EXISTS `dodaj_instance_opreme_kluba` */;
/*!50003 SET @saved_cs_client      = @@character_set_client */ ;
/*!50003 SET @saved_cs_results     = @@character_set_results */ ;
/*!50003 SET @saved_col_connection = @@collation_connection */ ;
/*!50003 SET character_set_client  = utf8 */ ;
/*!50003 SET character_set_results = utf8 */ ;
/*!50003 SET collation_connection  = utf8_general_ci */ ;
/*!50003 SET @saved_sql_mode       = @@sql_mode */ ;
/*!50003 SET sql_mode              = 'NO_AUTO_VALUE_ON_ZERO' */ ;
DELIMITER ;;
CREATE DEFINER=`root`@`localhost` PROCEDURE `dodaj_instance_opreme_kluba`( in inBrojInstanci int(11), in inDonirana boolean, in inOpremaTipId int(11), inNarudzbaId int(11),
																   in inDonacijaId int(11), in inDonacijaSponzor int(11), in inDonacijaUgovor int(11), 
                                                                   in inVelicina varchar(10), in inOpis varchar(200))
begin
	declare i int(11);
    set i = 1;
	while i <= inBrojInstanci do
		call dodaj_opremu_kluba (inDonirana, inOpremaTipId, inNarudzbaId, inDonacijaId, inDonacijaSponzor, inDonacijaUgovor, inVelicina, inOpis);
		set i = i + 1;
    end while;
end ;;
DELIMITER ;
/*!50003 SET sql_mode              = @saved_sql_mode */ ;
/*!50003 SET character_set_client  = @saved_cs_client */ ;
/*!50003 SET character_set_results = @saved_cs_results */ ;
/*!50003 SET collation_connection  = @saved_col_connection */ ;
/*!50003 DROP PROCEDURE IF EXISTS `dodaj_opremu_clana` */;
/*!50003 SET @saved_cs_client      = @@character_set_client */ ;
/*!50003 SET @saved_cs_results     = @@character_set_results */ ;
/*!50003 SET @saved_col_connection = @@collation_connection */ ;
/*!50003 SET character_set_client  = utf8 */ ;
/*!50003 SET character_set_results = utf8 */ ;
/*!50003 SET collation_connection  = utf8_general_ci */ ;
/*!50003 SET @saved_sql_mode       = @@sql_mode */ ;
/*!50003 SET sql_mode              = 'NO_AUTO_VALUE_ON_ZERO' */ ;
DELIMITER ;;
CREATE DEFINER=`root`@`localhost` PROCEDURE `dodaj_opremu_clana`(in inOpremaTipId int(11), inNarudzbaId int(11), in inVelicina varchar(10), in inClanId boolean)
begin
	insert into oprema values (null, inOpremaTipId, inNarudzbaId, false, inVelicina);
    insert into oprema_clan values ((select max(Id) from oprema), inClanId);
end ;;
DELIMITER ;
/*!50003 SET sql_mode              = @saved_sql_mode */ ;
/*!50003 SET character_set_client  = @saved_cs_client */ ;
/*!50003 SET character_set_results = @saved_cs_results */ ;
/*!50003 SET collation_connection  = @saved_col_connection */ ;
/*!50003 DROP PROCEDURE IF EXISTS `dodaj_opremu_kluba` */;
/*!50003 SET @saved_cs_client      = @@character_set_client */ ;
/*!50003 SET @saved_cs_results     = @@character_set_results */ ;
/*!50003 SET @saved_col_connection = @@collation_connection */ ;
/*!50003 SET character_set_client  = utf8 */ ;
/*!50003 SET character_set_results = utf8 */ ;
/*!50003 SET collation_connection  = utf8_general_ci */ ;
/*!50003 SET @saved_sql_mode       = @@sql_mode */ ;
/*!50003 SET sql_mode              = 'NO_AUTO_VALUE_ON_ZERO' */ ;
DELIMITER ;;
CREATE DEFINER=`root`@`localhost` PROCEDURE `dodaj_opremu_kluba`( in inDonirana boolean, in inOpremaTipId int(11), inNarudzbaId int(11), 
															in inDonacijaId int(11), in inDonacijaSponzor int(11), in inDonacijaUgovor int(11),
                                                            in inVelicina varchar(10), in inOpis varchar(200))
begin
	insert into oprema values (null, inOpremaTipId, inNarudzbaId, false, inVelicina);
    insert into oprema_klub values (inOpis, true, (select max(Id) from oprema), inDonirana, inDonacijaSponzor, inDonacijaUgovor, inDonacijaId);
end ;;
DELIMITER ;
/*!50003 SET sql_mode              = @saved_sql_mode */ ;
/*!50003 SET character_set_client  = @saved_cs_client */ ;
/*!50003 SET character_set_results = @saved_cs_results */ ;
/*!50003 SET collation_connection  = @saved_col_connection */ ;
/*!50003 DROP PROCEDURE IF EXISTS `dodaj_platu` */;
/*!50003 SET @saved_cs_client      = @@character_set_client */ ;
/*!50003 SET @saved_cs_results     = @@character_set_results */ ;
/*!50003 SET @saved_col_connection = @@collation_connection */ ;
/*!50003 SET character_set_client  = utf8 */ ;
/*!50003 SET character_set_results = utf8 */ ;
/*!50003 SET collation_connection  = utf8_general_ci */ ;
/*!50003 SET @saved_sql_mode       = @@sql_mode */ ;
/*!50003 SET sql_mode              = 'NO_AUTO_VALUE_ON_ZERO' */ ;
DELIMITER ;;
CREATE DEFINER=`root`@`localhost` PROCEDURE `dodaj_platu`( in inDatum date, in inIznos decimal(8,2), in inOpis varchar(100), in inZaposleniId int(11), out outId int(11))
begin
	insert into TRANSAKCIJA values (null, inDatum, inIznos, inOpis, 0, 2);
    insert into PLATA values ((select max(Id) from transakcija), inZaposleniId);
    select max(Id) into outId from TRANSAKCIJA;
end ;;
DELIMITER ;
/*!50003 SET sql_mode              = @saved_sql_mode */ ;
/*!50003 SET character_set_client  = @saved_cs_client */ ;
/*!50003 SET character_set_results = @saved_cs_results */ ;
/*!50003 SET collation_connection  = @saved_col_connection */ ;
/*!50003 DROP PROCEDURE IF EXISTS `dodaj_sponozra` */;
/*!50003 SET @saved_cs_client      = @@character_set_client */ ;
/*!50003 SET @saved_cs_results     = @@character_set_results */ ;
/*!50003 SET @saved_col_connection = @@collation_connection */ ;
/*!50003 SET character_set_client  = utf8 */ ;
/*!50003 SET character_set_results = utf8 */ ;
/*!50003 SET collation_connection  = utf8_general_ci */ ;
/*!50003 SET @saved_sql_mode       = @@sql_mode */ ;
/*!50003 SET sql_mode              = 'NO_AUTO_VALUE_ON_ZERO' */ ;
DELIMITER ;;
CREATE DEFINER=`root`@`localhost` PROCEDURE `dodaj_sponozra`(in pNaziv varchar(45),
								in pAdresa varchar(45),
                                in pMail varchar(45),
                                in pDatumOd date,
                                in pDatumDo date,
                                in pOpis varchar(100),
                                out pUspjesno boolean)
begin
	declare exit handler for sqlexception
    begin
		set pUspjesno = false;
        rollback;
        resignal;
    end;
    start transaction;
		insert into SPONZOR values(null, pNaziv, pAdresa, pMail);
		call dodaj_sponzorski_ugovor(pDatumOd, pDatumDo, (select max(Id) from SPONZOR), pOpis, pUspjesno);
	commit;
end ;;
DELIMITER ;
/*!50003 SET sql_mode              = @saved_sql_mode */ ;
/*!50003 SET character_set_client  = @saved_cs_client */ ;
/*!50003 SET character_set_results = @saved_cs_results */ ;
/*!50003 SET collation_connection  = @saved_col_connection */ ;
/*!50003 DROP PROCEDURE IF EXISTS `dodaj_sponzorski_ugovor` */;
/*!50003 SET @saved_cs_client      = @@character_set_client */ ;
/*!50003 SET @saved_cs_results     = @@character_set_results */ ;
/*!50003 SET @saved_col_connection = @@collation_connection */ ;
/*!50003 SET character_set_client  = utf8 */ ;
/*!50003 SET character_set_results = utf8 */ ;
/*!50003 SET collation_connection  = utf8_general_ci */ ;
/*!50003 SET @saved_sql_mode       = @@sql_mode */ ;
/*!50003 SET sql_mode              = 'NO_AUTO_VALUE_ON_ZERO' */ ;
DELIMITER ;;
CREATE DEFINER=`root`@`localhost` PROCEDURE `dodaj_sponzorski_ugovor`(in pDatumOd date,
                                         in pDatumDo date,
                                         in pSponzorId int,
                                         in pOpis varchar(100),
                                         out pUspjesno boolean)
begin
	declare rb int default 1;
	if ((pDatumDo is not null) and (datediff(pDatumOd, pDatumDo) > 0)) then
	begin
        set pUspjesno = false;
        signal sqlstate 'ERROR';
	end;
	else
		begin
			select max(RedniBroj) from UGOVOR_SPONZOR where SPONZOR_Id=pSponzorId into rb;
            if(rb is null) then
				set rb = 1;
			else
				set rb = rb + 1;
			end if;
            insert into UGOVOR_SPONZOR values(rb, pDatumOd, pDatumDo, pSponzorId, pOpis);
            set pUspjesno = true;
		end;
	end if;
end ;;
DELIMITER ;
/*!50003 SET sql_mode              = @saved_sql_mode */ ;
/*!50003 SET character_set_client  = @saved_cs_client */ ;
/*!50003 SET character_set_results = @saved_cs_results */ ;
/*!50003 SET collation_connection  = @saved_col_connection */ ;
/*!50003 DROP PROCEDURE IF EXISTS `dodaj_troskovi_oprema` */;
/*!50003 SET @saved_cs_client      = @@character_set_client */ ;
/*!50003 SET @saved_cs_results     = @@character_set_results */ ;
/*!50003 SET @saved_col_connection = @@collation_connection */ ;
/*!50003 SET character_set_client  = utf8 */ ;
/*!50003 SET character_set_results = utf8 */ ;
/*!50003 SET collation_connection  = utf8_general_ci */ ;
/*!50003 SET @saved_sql_mode       = @@sql_mode */ ;
/*!50003 SET sql_mode              = 'NO_AUTO_VALUE_ON_ZERO' */ ;
DELIMITER ;;
CREATE DEFINER=`root`@`localhost` PROCEDURE `dodaj_troskovi_oprema`( in inDatum date, in inIznos decimal(8,2), inOpis varchar(100), 
															
                                                            in inNarudzbaId int(11), out outId int(11))
begin
	
	insert into TRANSAKCIJA values (null, inDatum, inIznos, inOpis, 1, 3);
    insert into TROSKOVI_OPREMA values ((select max(Id) from TRANSAKCIJA), inNarudzbaId);
    select max(Id) into outId from TRANSAKCIJA;
end ;;
DELIMITER ;
/*!50003 SET sql_mode              = @saved_sql_mode */ ;
/*!50003 SET character_set_client  = @saved_cs_client */ ;
/*!50003 SET character_set_results = @saved_cs_results */ ;
/*!50003 SET collation_connection  = @saved_col_connection */ ;
/*!50003 DROP PROCEDURE IF EXISTS `dodaj_troskovi_turnir` */;
/*!50003 SET @saved_cs_client      = @@character_set_client */ ;
/*!50003 SET @saved_cs_results     = @@character_set_results */ ;
/*!50003 SET @saved_col_connection = @@collation_connection */ ;
/*!50003 SET character_set_client  = utf8 */ ;
/*!50003 SET character_set_results = utf8 */ ;
/*!50003 SET collation_connection  = utf8_general_ci */ ;
/*!50003 SET @saved_sql_mode       = @@sql_mode */ ;
/*!50003 SET sql_mode              = 'NO_AUTO_VALUE_ON_ZERO' */ ;
DELIMITER ;;
CREATE DEFINER=`root`@`localhost` PROCEDURE `dodaj_troskovi_turnir`( in inDatum date, in inIznos decimal(8,2), inOpis varchar(100), 
															
                                                            in inTurnirId int(11), out outId int(11))
begin
	
	insert into TRANSAKCIJA values (null, inDatum, inIznos, inOpis, 1, 3,FALSE);
    insert into TROSKOVI_TURNIR values ((select max(Id) from transakcija), inTurnirId);
    select max(Id) into outId from TRANSAKCIJA;
end ;;
DELIMITER ;
/*!50003 SET sql_mode              = @saved_sql_mode */ ;
/*!50003 SET character_set_client  = @saved_cs_client */ ;
/*!50003 SET character_set_results = @saved_cs_results */ ;
/*!50003 SET collation_connection  = @saved_col_connection */ ;
/*!50003 DROP PROCEDURE IF EXISTS `dodaj_zaposlenje` */;
/*!50003 SET @saved_cs_client      = @@character_set_client */ ;
/*!50003 SET @saved_cs_results     = @@character_set_results */ ;
/*!50003 SET @saved_col_connection = @@collation_connection */ ;
/*!50003 SET character_set_client  = utf8 */ ;
/*!50003 SET character_set_results = utf8 */ ;
/*!50003 SET collation_connection  = utf8_general_ci */ ;
/*!50003 SET @saved_sql_mode       = @@sql_mode */ ;
/*!50003 SET sql_mode              = 'NO_AUTO_VALUE_ON_ZERO' */ ;
DELIMITER ;;
CREATE DEFINER=`root`@`localhost` PROCEDURE `dodaj_zaposlenje`(in pZaposleni_tip_id int,
								  in pOsoba_id int, 
								  in pDatum_od date, 
                                  in pDatum_do date, 
                                  in pPlata decimal(8,2), 
                                  out pUspjesno boolean)
begin
	if  ((pDatum_do is not null) and datediff(pDatum_od, pDatum_do) > 0) or (pPlata < 0) then
    begin
		set pUspjesno = false;
        signal sqlstate 'ERROR';
	end;
	else
		begin
			insert into ZAPOSLENJE values(pZaposleni_tip_id, pOsoba_id, pDatum_od, pDatum_do, pPlata);
            set pUspjesno=true;
        end;
	end if;
end ;;
DELIMITER ;
/*!50003 SET sql_mode              = @saved_sql_mode */ ;
/*!50003 SET character_set_client  = @saved_cs_client */ ;
/*!50003 SET character_set_results = @saved_cs_results */ ;
/*!50003 SET collation_connection  = @saved_col_connection */ ;
/*!50003 DROP PROCEDURE IF EXISTS `dodaj_zaposlenog` */;
/*!50003 SET @saved_cs_client      = @@character_set_client */ ;
/*!50003 SET @saved_cs_results     = @@character_set_results */ ;
/*!50003 SET @saved_col_connection = @@collation_connection */ ;
/*!50003 SET character_set_client  = utf8 */ ;
/*!50003 SET character_set_results = utf8 */ ;
/*!50003 SET collation_connection  = utf8_general_ci */ ;
/*!50003 SET @saved_sql_mode       = @@sql_mode */ ;
/*!50003 SET sql_mode              = 'NO_AUTO_VALUE_ON_ZERO' */ ;
DELIMITER ;;
CREATE DEFINER=`root`@`localhost` PROCEDURE `dodaj_zaposlenog`(in pJmb char(13), 
								  in pIme varchar(45), 
                                  in pIme_roditelja varchar(45), 
								  in pPrezime varchar(45), 
                                  in pPol char(1), 
                                  in pDatum_rodjenja date, 
                                  in pFotografija longblob,
								  in pZaposleni_tip_id int, 
                                  in pDatum_od date, 
                                  in pDatum_do date, 
                                  in pPlata decimal(8,2), 
								  out pId int)
begin
	declare pUspjesno boolean default false;
	declare exit handler for sqlexception
    begin
		set pId=-1;
        rollback;
        resignal;
    end;
    start transaction;
		insert into OSOBA values(null, pJmb, pIme, pIme_roditelja, pPrezime, pPol, pDatum_rodjenja, pFotografija);
		insert into ZAPOSLENI values(true, (select max(Id) from OSOBA));
		call dodaj_zaposlenje(pZaposleni_tip_id, (select max(Id) from OSOBA), pDatum_od, pDatum_do, pPlata, pUspjesno);
        select max(Id) from OSOBA into pId;
	commit;
end ;;
DELIMITER ;
/*!50003 SET sql_mode              = @saved_sql_mode */ ;
/*!50003 SET character_set_client  = @saved_cs_client */ ;
/*!50003 SET character_set_results = @saved_cs_results */ ;
/*!50003 SET collation_connection  = @saved_col_connection */ ;
/*!50003 DROP PROCEDURE IF EXISTS `kreirajDublZrijeb` */;
/*!50003 SET @saved_cs_client      = @@character_set_client */ ;
/*!50003 SET @saved_cs_results     = @@character_set_results */ ;
/*!50003 SET @saved_col_connection = @@collation_connection */ ;
/*!50003 SET character_set_client  = utf8 */ ;
/*!50003 SET character_set_results = utf8 */ ;
/*!50003 SET collation_connection  = utf8_general_ci */ ;
/*!50003 SET @saved_sql_mode       = @@sql_mode */ ;
/*!50003 SET sql_mode              = 'NO_AUTO_VALUE_ON_ZERO' */ ;
DELIMITER ;;
CREATE DEFINER=`root`@`localhost` PROCEDURE `kreirajDublZrijeb`(in pIdTurnira int,in pIdKategorije int,in pBrojTimova int,out pFlag boolean)
begin
    declare ukupno int default 0;
	declare idZrijeba int default 0;
	declare brojac int default 1;
    
    select count(*) into ukupno
    from ZRIJEB;
    
    insert into ZRIJEB (TURNIR_Id,TURNIR_KATEGORIJA_Id,BrojTimova) values (pIdTurnira,pIdKategorije,pBrojTimova);
    
	select Id from ZRIJEB order by Id desc limit 1 into idZrijeba;
    
    petlja1: while brojac<5 do
		insert into RUNDA (ZRIJEB_Id,Broj) values (idZrijeba,brojac);
		set brojac=brojac+1;
    end while petlja1;
    
    set brojac=1;
    
    petlja2: while brojac<=8 do
		insert into MEC (RUNDA_ZRIJEB_Id,RUNDA_Broj,RedniBroj) values (idZrijeba,1,brojac);
		set brojac=brojac+1;
    end while petlja2;
    
    set brojac=1;
    
    petlja3: while brojac<=4 do
		insert into MEC (RUNDA_ZRIJEB_Id,RUNDA_Broj,RedniBroj) values (idZrijeba,2,brojac);
		set brojac=brojac+1;
    end while petlja3;
    
    set brojac=1;
    
    petlja4: while brojac<=2 do
		insert into MEC (RUNDA_ZRIJEB_Id,RUNDA_Broj,RedniBroj) values (idZrijeba,3,brojac);
		set brojac=brojac+1;
    end while petlja4;
    
    insert into MEC (RUNDA_ZRIJEB_Id,RUNDA_Broj,RedniBroj) values (idZrijeba,4,1);
    
    if (select count(*) from ZRIJEB) > ukupno then
		set pFlag=true;
	else
		set pFlag=false;
    end if;
    
end ;;
DELIMITER ;
/*!50003 SET sql_mode              = @saved_sql_mode */ ;
/*!50003 SET character_set_client  = @saved_cs_client */ ;
/*!50003 SET character_set_results = @saved_cs_results */ ;
/*!50003 SET collation_connection  = @saved_col_connection */ ;
/*!50003 DROP PROCEDURE IF EXISTS `kreirajSinglZrijeb` */;
/*!50003 SET @saved_cs_client      = @@character_set_client */ ;
/*!50003 SET @saved_cs_results     = @@character_set_results */ ;
/*!50003 SET @saved_col_connection = @@collation_connection */ ;
/*!50003 SET character_set_client  = utf8 */ ;
/*!50003 SET character_set_results = utf8 */ ;
/*!50003 SET collation_connection  = utf8_general_ci */ ;
/*!50003 SET @saved_sql_mode       = @@sql_mode */ ;
/*!50003 SET sql_mode              = 'NO_AUTO_VALUE_ON_ZERO' */ ;
DELIMITER ;;
CREATE DEFINER=`root`@`localhost` PROCEDURE `kreirajSinglZrijeb`(in pIdTurnira int,in pIdKategorije int,in pBrojTimova int,out pFlag boolean)
begin
    declare ukupno int default 0;
	declare idZrijeba int default 0;
	declare brojac int default 1;
    
    select count(*) into ukupno
    from ZRIJEB;
    
    insert into ZRIJEB (TURNIR_Id,TURNIR_KATEGORIJA_Id,BrojTimova) values (pIdTurnira,pIdKategorije,pBrojTimova);
    
	select Id from ZRIJEB order by Id desc limit 1 into idZrijeba;
    
    petlja1: while brojac<6 do
		insert into RUNDA (ZRIJEB_Id,Broj) values (idZrijeba,brojac);
		set brojac=brojac+1;
    end while petlja1;
    
    set brojac=1;
    
    petlja2: while brojac<=16 do
		insert into MEC (RUNDA_ZRIJEB_Id,RUNDA_Broj,RedniBroj) values (idZrijeba,1,brojac);
		set brojac=brojac+1;
    end while petlja2;
    
    set brojac=1;
    
    petlja3: while brojac<=8 do
		insert into MEC (RUNDA_ZRIJEB_Id,RUNDA_Broj,RedniBroj) values (idZrijeba,2,brojac);
		set brojac=brojac+1;
    end while petlja3;
    
    set brojac=1;
    
    petlja4: while brojac<=4 do
		insert into MEC (RUNDA_ZRIJEB_Id,RUNDA_Broj,RedniBroj) values (idZrijeba,3,brojac);
		set brojac=brojac+1;
    end while petlja4;
    
    set brojac=1;
    
    petlja5: while brojac<=2 do
		insert into MEC (RUNDA_ZRIJEB_Id,RUNDA_Broj,RedniBroj) values (idZrijeba,4,brojac);
		set brojac=brojac+1;
    end while petlja5;
    
    insert into MEC (RUNDA_ZRIJEB_Id,RUNDA_Broj,RedniBroj) values (idZrijeba,5,1);
    
    if (select count(*) from ZRIJEB) > ukupno then
		set pFlag=true;
	else
		set pFlag=false;
    end if;
    
end ;;
DELIMITER ;
/*!50003 SET sql_mode              = @saved_sql_mode */ ;
/*!50003 SET character_set_client  = @saved_cs_client */ ;
/*!50003 SET character_set_results = @saved_cs_results */ ;
/*!50003 SET collation_connection  = @saved_col_connection */ ;
/*!50003 DROP PROCEDURE IF EXISTS `postojiJmb` */;
/*!50003 SET @saved_cs_client      = @@character_set_client */ ;
/*!50003 SET @saved_cs_results     = @@character_set_results */ ;
/*!50003 SET @saved_col_connection = @@collation_connection */ ;
/*!50003 SET character_set_client  = utf8 */ ;
/*!50003 SET character_set_results = utf8 */ ;
/*!50003 SET collation_connection  = utf8_general_ci */ ;
/*!50003 SET @saved_sql_mode       = @@sql_mode */ ;
/*!50003 SET sql_mode              = 'NO_AUTO_VALUE_ON_ZERO' */ ;
DELIMITER ;;
CREATE DEFINER=`root`@`localhost` PROCEDURE `postojiJmb`(in pJmb char(13),in pIdTurnira int,in pIdKategorije int,out pFlag boolean)
begin
    if (select count(*) from UCESNIK_PRIJAVA u inner join OSOBA o 
		on u.OSOBA_Id=o.Id where o.JMB=pJmb and 
        (u.TURNIR_Id<>pIdTurnira or u.TURNIR_KATEGORIJA_Id<>pIdKategorije))>0 then
		set pFlag=true;
	else
		set pFlag=false;
    end if;
    
end ;;
DELIMITER ;
/*!50003 SET sql_mode              = @saved_sql_mode */ ;
/*!50003 SET character_set_client  = @saved_cs_client */ ;
/*!50003 SET character_set_results = @saved_cs_results */ ;
/*!50003 SET collation_connection  = @saved_col_connection */ ;
/*!50003 DROP PROCEDURE IF EXISTS `postojiZrijeb` */;
/*!50003 SET @saved_cs_client      = @@character_set_client */ ;
/*!50003 SET @saved_cs_results     = @@character_set_results */ ;
/*!50003 SET @saved_col_connection = @@collation_connection */ ;
/*!50003 SET character_set_client  = utf8 */ ;
/*!50003 SET character_set_results = utf8 */ ;
/*!50003 SET collation_connection  = utf8_general_ci */ ;
/*!50003 SET @saved_sql_mode       = @@sql_mode */ ;
/*!50003 SET sql_mode              = 'NO_AUTO_VALUE_ON_ZERO' */ ;
DELIMITER ;;
CREATE DEFINER=`root`@`localhost` PROCEDURE `postojiZrijeb`(in pIdTurnira int,in pIdKategorije int,out pFlag boolean)
begin
    if (select count(*) from ZRIJEB where TURNIR_Id=pIdTurnira and TURNIR_KATEGORIJA_Id=pIdKategorije)>0 then
		set pFlag=true;
	else
		set pFlag=false;
    end if;
    
end ;;
DELIMITER ;
/*!50003 SET sql_mode              = @saved_sql_mode */ ;
/*!50003 SET character_set_client  = @saved_cs_client */ ;
/*!50003 SET character_set_results = @saved_cs_results */ ;
/*!50003 SET collation_connection  = @saved_col_connection */ ;
/*!50003 DROP PROCEDURE IF EXISTS `prijaviDublTim` */;
/*!50003 SET @saved_cs_client      = @@character_set_client */ ;
/*!50003 SET @saved_cs_results     = @@character_set_results */ ;
/*!50003 SET @saved_col_connection = @@collation_connection */ ;
/*!50003 SET character_set_client  = utf8 */ ;
/*!50003 SET character_set_results = utf8 */ ;
/*!50003 SET collation_connection  = utf8_general_ci */ ;
/*!50003 SET @saved_sql_mode       = @@sql_mode */ ;
/*!50003 SET sql_mode              = 'NO_AUTO_VALUE_ON_ZERO' */ ;
DELIMITER ;;
CREATE DEFINER=`root`@`localhost` PROCEDURE `prijaviDublTim`(in pId1 int,in pId2 int,out pFlag boolean)
begin
    declare ukupno int default 0;
    
    select count(*) into ukupno
    from TIM;
    
    insert into TIM (UCESNIK1_PRIJAVA_Id,UCESNIK2_PRIJAVA_Id) values (pId1,pId2);
    
    if (select count(*) from TIM) > ukupno then
		set pFlag=true;
	else
		set pFlag=false;
    end if;
    
end ;;
DELIMITER ;
/*!50003 SET sql_mode              = @saved_sql_mode */ ;
/*!50003 SET character_set_client  = @saved_cs_client */ ;
/*!50003 SET character_set_results = @saved_cs_results */ ;
/*!50003 SET collation_connection  = @saved_col_connection */ ;
/*!50003 DROP PROCEDURE IF EXISTS `prijaviSinglTim` */;
/*!50003 SET @saved_cs_client      = @@character_set_client */ ;
/*!50003 SET @saved_cs_results     = @@character_set_results */ ;
/*!50003 SET @saved_col_connection = @@collation_connection */ ;
/*!50003 SET character_set_client  = utf8 */ ;
/*!50003 SET character_set_results = utf8 */ ;
/*!50003 SET collation_connection  = utf8_general_ci */ ;
/*!50003 SET @saved_sql_mode       = @@sql_mode */ ;
/*!50003 SET sql_mode              = 'NO_AUTO_VALUE_ON_ZERO' */ ;
DELIMITER ;;
CREATE DEFINER=`root`@`localhost` PROCEDURE `prijaviSinglTim`(in pId int,out pFlag boolean)
begin
    declare ukupno int default 0;
    
    select count(*) into ukupno
    from TIM;
    
    insert into TIM (UCESNIK1_PRIJAVA_Id) values (pId);
    
    if (select count(*) from TIM) > ukupno then
		set pFlag=true;
	else
		set pFlag=false;
    end if;
    
end ;;
DELIMITER ;
/*!50003 SET sql_mode              = @saved_sql_mode */ ;
/*!50003 SET character_set_client  = @saved_cs_client */ ;
/*!50003 SET character_set_results = @saved_cs_results */ ;
/*!50003 SET collation_connection  = @saved_col_connection */ ;
/*!50003 DROP PROCEDURE IF EXISTS `prijaviUcesnika` */;
/*!50003 SET @saved_cs_client      = @@character_set_client */ ;
/*!50003 SET @saved_cs_results     = @@character_set_results */ ;
/*!50003 SET @saved_col_connection = @@collation_connection */ ;
/*!50003 SET character_set_client  = utf8 */ ;
/*!50003 SET character_set_results = utf8 */ ;
/*!50003 SET collation_connection  = utf8_general_ci */ ;
/*!50003 SET @saved_sql_mode       = @@sql_mode */ ;
/*!50003 SET sql_mode              = 'NO_AUTO_VALUE_ON_ZERO' */ ;
DELIMITER ;;
CREATE DEFINER=`root`@`localhost` PROCEDURE `prijaviUcesnika`(in pJmb char(13), in pIme varchar(45),in pPrezime varchar(45), 
 in pPol char(1), in pDatumRodjenja date, in pTurnirId int,
 in pTurnirKategorijaId int, in pDatum date, out rezultat int)
begin
	declare idOsobe int default 0;
    
	insert into OSOBA (JMB,Ime,Prezime,Pol,DatumRodjenja) 
	values (pJmb,pIme,pPrezime,pPol,pDatumRodjenja);
    
	select Id from OSOBA order by Id desc limit 1 into idOsobe;
    
    insert into UCESNIK_PRIJAVA (TURNIR_Id,TURNIR_KATEGORIJA_Id,OSOBA_Id,Datum)
	values (pTurnirId,pTurnirKategorijaId,idOsobe,pDatum);
    
    select Id from UCESNIK_PRIJAVA order by Id desc limit 1 into rezultat;
end ;;
DELIMITER ;
/*!50003 SET sql_mode              = @saved_sql_mode */ ;
/*!50003 SET character_set_client  = @saved_cs_client */ ;
/*!50003 SET character_set_results = @saved_cs_results */ ;
/*!50003 SET collation_connection  = @saved_col_connection */ ;
/*!50003 DROP PROCEDURE IF EXISTS `update_clanarinu` */;
/*!50003 SET @saved_cs_client      = @@character_set_client */ ;
/*!50003 SET @saved_cs_results     = @@character_set_results */ ;
/*!50003 SET @saved_col_connection = @@collation_connection */ ;
/*!50003 SET character_set_client  = utf8 */ ;
/*!50003 SET character_set_results = utf8 */ ;
/*!50003 SET collation_connection  = utf8_general_ci */ ;
/*!50003 SET @saved_sql_mode       = @@sql_mode */ ;
/*!50003 SET sql_mode              = 'NO_AUTO_VALUE_ON_ZERO' */ ;
DELIMITER ;;
CREATE DEFINER=`root`@`localhost` PROCEDURE `update_clanarinu`( in inOsobaId int, in inId int, in inDatum date, in inIznos decimal(8,2), inOpis varchar(100), 
															in inMjesec int(11), in inGodina year(4))
begin
	update TRANSAKCIJA SET Datum=inDatum, Iznos=inIznos, Opis=inOpis where Id=inId;
	update CLANARINA SET Mjesec=inMjesec, Godina=inGodina, CLAN_OSOBA_Id=inOsobaId where TRANSAKCIJA_Id=inId;
end ;;
DELIMITER ;
/*!50003 SET sql_mode              = @saved_sql_mode */ ;
/*!50003 SET character_set_client  = @saved_cs_client */ ;
/*!50003 SET character_set_results = @saved_cs_results */ ;
/*!50003 SET collation_connection  = @saved_col_connection */ ;
/*!50003 DROP PROCEDURE IF EXISTS `update_platu` */;
/*!50003 SET @saved_cs_client      = @@character_set_client */ ;
/*!50003 SET @saved_cs_results     = @@character_set_results */ ;
/*!50003 SET @saved_col_connection = @@collation_connection */ ;
/*!50003 SET character_set_client  = utf8 */ ;
/*!50003 SET character_set_results = utf8 */ ;
/*!50003 SET collation_connection  = utf8_general_ci */ ;
/*!50003 SET @saved_sql_mode       = @@sql_mode */ ;
/*!50003 SET sql_mode              = 'NO_AUTO_VALUE_ON_ZERO' */ ;
DELIMITER ;;
CREATE DEFINER=`root`@`localhost` PROCEDURE `update_platu`(in inOsobaId int, in inId int, in inDatum date, in inIznos decimal(8,2), in inOpis varchar(100))
begin
	update TRANSAKCIJA SET Datum=inDatum, Iznos=inIznos, Opis=inOpis where Id=inId;
	update PLATA SET ZAPOSLENI_OSOBA_Id=inOsobaId where TRANSAKCIJA_Id=inId;
end ;;
DELIMITER ;
/*!50003 SET sql_mode              = @saved_sql_mode */ ;
/*!50003 SET character_set_client  = @saved_cs_client */ ;
/*!50003 SET character_set_results = @saved_cs_results */ ;
/*!50003 SET collation_connection  = @saved_col_connection */ ;
/*!50003 DROP PROCEDURE IF EXISTS `update_troskovi_oprema` */;
/*!50003 SET @saved_cs_client      = @@character_set_client */ ;
/*!50003 SET @saved_cs_results     = @@character_set_results */ ;
/*!50003 SET @saved_col_connection = @@collation_connection */ ;
/*!50003 SET character_set_client  = utf8 */ ;
/*!50003 SET character_set_results = utf8 */ ;
/*!50003 SET collation_connection  = utf8_general_ci */ ;
/*!50003 SET @saved_sql_mode       = @@sql_mode */ ;
/*!50003 SET sql_mode              = 'NO_AUTO_VALUE_ON_ZERO' */ ;
DELIMITER ;;
CREATE DEFINER=`root`@`localhost` PROCEDURE `update_troskovi_oprema`( in inNarudzbaId int, in inId int, in inDatum date, in inIznos decimal(8,2), inOpis varchar(100))
begin
	update TRANSAKCIJA SET datum=inDatum, iznos=inIznos, opis=inOpis where Id=inId;
	update TROSKOVI_OPREMA SET NARUDZBA_Id=inNarudzbaId where TRANSAKCIJA_Id=inId;
end ;;
DELIMITER ;
/*!50003 SET sql_mode              = @saved_sql_mode */ ;
/*!50003 SET character_set_client  = @saved_cs_client */ ;
/*!50003 SET character_set_results = @saved_cs_results */ ;
/*!50003 SET collation_connection  = @saved_col_connection */ ;
/*!50003 DROP PROCEDURE IF EXISTS `update_troskovi_turnir` */;
/*!50003 SET @saved_cs_client      = @@character_set_client */ ;
/*!50003 SET @saved_cs_results     = @@character_set_results */ ;
/*!50003 SET @saved_col_connection = @@collation_connection */ ;
/*!50003 SET character_set_client  = utf8 */ ;
/*!50003 SET character_set_results = utf8 */ ;
/*!50003 SET collation_connection  = utf8_general_ci */ ;
/*!50003 SET @saved_sql_mode       = @@sql_mode */ ;
/*!50003 SET sql_mode              = 'NO_AUTO_VALUE_ON_ZERO' */ ;
DELIMITER ;;
CREATE DEFINER=`root`@`localhost` PROCEDURE `update_troskovi_turnir`( in inTurnirId int, in inId int, in inDatum date, in inIznos decimal(8,2), inOpis varchar(100))
begin
	update TRANSAKCIJA SET datum=inDatum, iznos=inIznos, opis=inOpis where Id=inId;
	update TROSKOVI_TURNIR SET TURNIR_Id=inTurnirId where TRANSAKCIJA_Id=inId;
end ;;
DELIMITER ;
/*!50003 SET sql_mode              = @saved_sql_mode */ ;
/*!50003 SET character_set_client  = @saved_cs_client */ ;
/*!50003 SET character_set_results = @saved_cs_results */ ;
/*!50003 SET collation_connection  = @saved_col_connection */ ;

--
-- Final view structure for view `aktivni_zaposleni`
--

/*!50001 DROP VIEW IF EXISTS `aktivni_zaposleni`*/;
/*!50001 SET @saved_cs_client          = @@character_set_client */;
/*!50001 SET @saved_cs_results         = @@character_set_results */;
/*!50001 SET @saved_col_connection     = @@collation_connection */;
/*!50001 SET character_set_client      = utf8 */;
/*!50001 SET character_set_results     = utf8 */;
/*!50001 SET collation_connection      = utf8_general_ci */;
/*!50001 CREATE ALGORITHM=UNDEFINED */
/*!50013 DEFINER=`root`@`localhost` SQL SECURITY DEFINER */
/*!50001 VIEW `aktivni_zaposleni` AS select `o`.`Id` AS `Id`,`o`.`JMB` AS `JMB`,`o`.`Ime` AS `Ime`,`o`.`ImeRoditelja` AS `ImeRoditelja`,`o`.`Prezime` AS `Prezime`,`o`.`Pol` AS `Pol`,`o`.`DatumRodjenja` AS `DatumRodjenja`,`o`.`Fotografija` AS `Fotografija`,`zap`.`DatumOd` AS `DatumOd`,`zap`.`DatumDo` AS `DatumDo`,`zap`.`Plata` AS `Plata`,`zt`.`Id` AS `Tip_Id`,`zt`.`Tip` AS `Tip` from (((`osoba` `o` join `zaposleni` `z` on((`o`.`Id` = `z`.`OSOBA_Id`))) join `zaposlenje` `zap` on((`z`.`OSOBA_Id` = `zap`.`ZAPOSLENI_OSOBA_Id`))) join `zaposleni_tip` `zt` on((`zap`.`ZAPOSLENI_TIP_Id` = `zt`.`Id`))) where ((curdate() between `zap`.`DatumOd` and `zap`.`DatumDo`) or ((curdate() > `zap`.`DatumOd`) and isnull(`zap`.`DatumDo`))) */;
/*!50001 SET character_set_client      = @saved_cs_client */;
/*!50001 SET character_set_results     = @saved_cs_results */;
/*!50001 SET collation_connection      = @saved_col_connection */;

--
-- Final view structure for view `donacija_detaljno`
--

/*!50001 DROP VIEW IF EXISTS `donacija_detaljno`*/;
/*!50001 SET @saved_cs_client          = @@character_set_client */;
/*!50001 SET @saved_cs_results         = @@character_set_results */;
/*!50001 SET @saved_col_connection     = @@collation_connection */;
/*!50001 SET character_set_client      = utf8 */;
/*!50001 SET character_set_results     = utf8 */;
/*!50001 SET collation_connection      = utf8_general_ci */;
/*!50001 CREATE ALGORITHM=UNDEFINED */
/*!50013 DEFINER=`root`@`localhost` SQL SECURITY DEFINER */
/*!50001 VIEW `donacija_detaljno` AS select `s`.`Id` AS `SponzorId`,`s`.`Naziv` AS `Naziv`,`s`.`Adresa` AS `Adresa`,`s`.`Mail` AS `Mail`,`u`.`RedniBroj` AS `UgovorRb`,`u`.`DatumOd` AS `DatumOd`,`u`.`DatumDo` AS `DatumDo`,`u`.`Opis` AS `UgovorOpis`,`d`.`RedniBroj` AS `DonacijaRb`,`d`.`Opis` AS `DonacijaOpis`,`d`.`Kolicina` AS `Kolicina`,`d`.`NovcaniIznos` AS `NovcaniIznos`,`d`.`NovcanaDonacija` AS `NovcanaDonacija`,`d`.`Obradjeno` AS `Obradjeno`,`d`.`TRANSAKCIJA_Id` AS `TRANSAKCIJA_Id`,`d`.`OPREMA_TIP_Id` AS `OPREMA_TIP_Id`,`ot`.`Tip` AS `Tip`,`ot`.`Model` AS `Model`,`ot`.`Proizvodjac` AS `Proizvodjac`,`ot`.`ImaVelicinu` AS `ImaVelicinu` from (((`sponzor` `s` join `ugovor_sponzor` `u` on((`s`.`Id` = `u`.`SPONZOR_Id`))) join `donacija` `d` on(((`s`.`Id` = `d`.`SPONZOR_Id`) and (`u`.`RedniBroj` = `d`.`UGOVOR_RedniBroj`)))) left join `oprema_tip` `ot` on((`d`.`OPREMA_TIP_Id` = `ot`.`Id`))) */;
/*!50001 SET character_set_client      = @saved_cs_client */;
/*!50001 SET character_set_results     = @saved_cs_results */;
/*!50001 SET collation_connection      = @saved_col_connection */;

--
-- Final view structure for view `prikaz_clana`
--

/*!50001 DROP VIEW IF EXISTS `prikaz_clana`*/;
/*!50001 SET @saved_cs_client          = @@character_set_client */;
/*!50001 SET @saved_cs_results         = @@character_set_results */;
/*!50001 SET @saved_col_connection     = @@collation_connection */;
/*!50001 SET character_set_client      = utf8 */;
/*!50001 SET character_set_results     = utf8 */;
/*!50001 SET collation_connection      = utf8_general_ci */;
/*!50001 CREATE ALGORITHM=UNDEFINED */
/*!50013 DEFINER=`root`@`localhost` SQL SECURITY DEFINER */
/*!50001 VIEW `prikaz_clana` AS select `o`.`Id` AS `Id`,`o`.`JMB` AS `JMB`,`o`.`Ime` AS `Ime`,`o`.`ImeRoditelja` AS `ImeRoditelja`,`o`.`Prezime` AS `Prezime`,`o`.`Pol` AS `Pol`,`o`.`DatumRodjenja` AS `DatumRodjenja`,`o`.`Fotografija` AS `Fotografija`,`c`.`Aktivan` AS `Aktivan`,`c`.`Registrovan` AS `Registrovan` from (`osoba` `o` join `clan` `c`) where (`o`.`Id` = `c`.`OSOBA_Id`) */
/*!50002 WITH CASCADED CHECK OPTION */;
/*!50001 SET character_set_client      = @saved_cs_client */;
/*!50001 SET character_set_results     = @saved_cs_results */;
/*!50001 SET collation_connection      = @saved_col_connection */;

--
-- Final view structure for view `prikaz_clanarina`
--

/*!50001 DROP VIEW IF EXISTS `prikaz_clanarina`*/;
/*!50001 SET @saved_cs_client          = @@character_set_client */;
/*!50001 SET @saved_cs_results         = @@character_set_results */;
/*!50001 SET @saved_col_connection     = @@collation_connection */;
/*!50001 SET character_set_client      = utf8 */;
/*!50001 SET character_set_results     = utf8 */;
/*!50001 SET collation_connection      = utf8_general_ci */;
/*!50001 CREATE ALGORITHM=UNDEFINED */
/*!50013 DEFINER=`root`@`localhost` SQL SECURITY DEFINER */
/*!50001 VIEW `prikaz_clanarina` AS select `t`.`Id` AS `id`,`o`.`Ime` AS `ime`,`o`.`Prezime` AS `prezime`,`cl`.`Mjesec` AS `mjesec`,`cl`.`Godina` AS `godina`,`t`.`Datum` AS `datum`,`t`.`Iznos` AS `iznos`,`t`.`Opis` AS `opis`,`tt`.`Tip` AS `Tip`,`c`.`OSOBA_Id` AS `OSOBA_Id` from ((((`osoba` `o` join `clan` `c`) join `transakcija` `t`) join `clanarina` `cl`) join `tip_transakcije` `tt` on(((`tt`.`Id` = `t`.`TIP_TRANSAKCIJE_Id`) and (`o`.`Id` = `c`.`OSOBA_Id`) and (`t`.`Id` = `cl`.`TRANSAKCIJA_Id`) and (`cl`.`CLAN_OSOBA_Id` = `c`.`OSOBA_Id`)))) */;
/*!50001 SET character_set_client      = @saved_cs_client */;
/*!50001 SET character_set_results     = @saved_cs_results */;
/*!50001 SET collation_connection      = @saved_col_connection */;

--
-- Final view structure for view `prikaz_opreme_clana`
--

/*!50001 DROP VIEW IF EXISTS `prikaz_opreme_clana`*/;
/*!50001 SET @saved_cs_client          = @@character_set_client */;
/*!50001 SET @saved_cs_results         = @@character_set_results */;
/*!50001 SET @saved_col_connection     = @@collation_connection */;
/*!50001 SET character_set_client      = utf8 */;
/*!50001 SET character_set_results     = utf8 */;
/*!50001 SET collation_connection      = utf8_general_ci */;
/*!50001 CREATE ALGORITHM=UNDEFINED */
/*!50013 DEFINER=`root`@`localhost` SQL SECURITY DEFINER */
/*!50001 VIEW `prikaz_opreme_clana` AS select `o`.`Id` AS `Id`,`o`.`OPREMA_TIP_Id` AS `OPREMA_TIP_Id`,`o`.`Obrisan` AS `Obrisan`,`ot`.`Tip` AS `Tip`,`ot`.`Proizvodjac` AS `Proizvodjac`,`ot`.`Model` AS `Model`,`o`.`NARUDZBA_Id` AS `NARUDZBA_Id`,`o`.`Velicina` AS `Velicina`,`oc`.`CLAN_Id` AS `CLAN_Id`,`os`.`JMB` AS `JMB`,`os`.`Ime` AS `Ime`,`os`.`Prezime` AS `Prezime` from (((`oprema` `o` join `oprema_clan` `oc`) join `oprema_tip` `ot`) join `osoba` `os` on(((`o`.`Id` = `oc`.`OPREMA_Id`) and (`o`.`OPREMA_TIP_Id` = `ot`.`Id`) and (`os`.`Id` = `oc`.`CLAN_Id`)))) */
/*!50002 WITH CASCADED CHECK OPTION */;
/*!50001 SET character_set_client      = @saved_cs_client */;
/*!50001 SET character_set_results     = @saved_cs_results */;
/*!50001 SET collation_connection      = @saved_col_connection */;

--
-- Final view structure for view `prikaz_opreme_kluba`
--

/*!50001 DROP VIEW IF EXISTS `prikaz_opreme_kluba`*/;
/*!50001 SET @saved_cs_client          = @@character_set_client */;
/*!50001 SET @saved_cs_results         = @@character_set_results */;
/*!50001 SET @saved_col_connection     = @@collation_connection */;
/*!50001 SET character_set_client      = utf8 */;
/*!50001 SET character_set_results     = utf8 */;
/*!50001 SET collation_connection      = utf8_general_ci */;
/*!50001 CREATE ALGORITHM=UNDEFINED */
/*!50013 DEFINER=`root`@`localhost` SQL SECURITY DEFINER */
/*!50001 VIEW `prikaz_opreme_kluba` AS select `o`.`Id` AS `Id`,`ok`.`Donirana` AS `Donirana`,`o`.`OPREMA_TIP_Id` AS `OPREMA_TIP_Id`,`o`.`Obrisan` AS `Obrisan`,`ot`.`Tip` AS `Tip`,`ot`.`Proizvodjac` AS `Proizvodjac`,`ot`.`Model` AS `Model`,`o`.`NARUDZBA_Id` AS `NARUDZBA_Id`,`ok`.`DONACIJA_SPONZOR_Id` AS `DONACIJA_SPONZOR_Id`,`ok`.`DONACIJA_UGOVOR_RedniBroj` AS `DONACIJA_UGOVOR_RedniBroj`,`ok`.`DONACIJA_RedniBroj` AS `DONACIJA_RedniBroj`,`o`.`Velicina` AS `Velicina`,`ok`.`Opis` AS `Opis`,`ok`.`Aktivan` AS `Aktivan` from ((`oprema` `o` join `oprema_klub` `ok`) join `oprema_tip` `ot` on(((`o`.`Id` = `ok`.`OPREMA_Id`) and (`o`.`OPREMA_TIP_Id` = `ot`.`Id`)))) */
/*!50002 WITH CASCADED CHECK OPTION */;
/*!50001 SET character_set_client      = @saved_cs_client */;
/*!50001 SET character_set_results     = @saved_cs_results */;
/*!50001 SET collation_connection      = @saved_col_connection */;

--
-- Final view structure for view `prikaz_plata`
--

/*!50001 DROP VIEW IF EXISTS `prikaz_plata`*/;
/*!50001 SET @saved_cs_client          = @@character_set_client */;
/*!50001 SET @saved_cs_results         = @@character_set_results */;
/*!50001 SET @saved_col_connection     = @@collation_connection */;
/*!50001 SET character_set_client      = utf8 */;
/*!50001 SET character_set_results     = utf8 */;
/*!50001 SET collation_connection      = utf8_general_ci */;
/*!50001 CREATE ALGORITHM=UNDEFINED */
/*!50013 DEFINER=`root`@`localhost` SQL SECURITY DEFINER */
/*!50001 VIEW `prikaz_plata` AS select `z`.`OSOBA_Id` AS `OSOBA_Id`,`o`.`Ime` AS `Ime`,`o`.`Prezime` AS `Prezime`,`o`.`ImeRoditelja` AS `ImeRoditelja`,`o`.`JMB` AS `JMB`,`o`.`Pol` AS `Pol`,`o`.`DatumRodjenja` AS `DatumRodjenja`,`o`.`Fotografija` AS `Fotografija`,`z`.`Aktivan` AS `Aktivan`,`t`.`Iznos` AS `Iznos`,`t`.`Datum` AS `Datum`,`t`.`Opis` AS `Opis`,`t`.`Id` AS `Id`,`tt`.`Tip` AS `Tip` from ((((`osoba` `o` join `zaposleni` `z`) join `transakcija` `t`) join `plata` `p`) join `tip_transakcije` `tt` on(((`tt`.`Id` = `t`.`TIP_TRANSAKCIJE_Id`) and (`o`.`Id` = `z`.`OSOBA_Id`) and (`t`.`Id` = `p`.`TRANSAKCIJA_Id`) and (`p`.`ZAPOSLENI_OSOBA_Id` = `z`.`OSOBA_Id`)))) */;
/*!50001 SET character_set_client      = @saved_cs_client */;
/*!50001 SET character_set_results     = @saved_cs_results */;
/*!50001 SET collation_connection      = @saved_col_connection */;

--
-- Final view structure for view `prikaz_transakcija`
--

/*!50001 DROP VIEW IF EXISTS `prikaz_transakcija`*/;
/*!50001 SET @saved_cs_client          = @@character_set_client */;
/*!50001 SET @saved_cs_results         = @@character_set_results */;
/*!50001 SET @saved_col_connection     = @@collation_connection */;
/*!50001 SET character_set_client      = utf8 */;
/*!50001 SET character_set_results     = utf8 */;
/*!50001 SET collation_connection      = utf8_general_ci */;
/*!50001 CREATE ALGORITHM=UNDEFINED */
/*!50013 DEFINER=`root`@`localhost` SQL SECURITY DEFINER */
/*!50001 VIEW `prikaz_transakcija` AS select `t`.`Id` AS `Id`,`t`.`Datum` AS `Datum`,`t`.`Iznos` AS `Iznos`,`t`.`Opis` AS `Opis`,`t`.`jeUplata` AS `jeUplata`,`tip`.`Tip` AS `Tip` from (`transakcija` `t` join `tip_transakcije` `tip` on((`t`.`TIP_TRANSAKCIJE_Id` = `tip`.`Id`))) where (`tip`.`Id` > 4) */;
/*!50001 SET character_set_client      = @saved_cs_client */;
/*!50001 SET character_set_results     = @saved_cs_results */;
/*!50001 SET collation_connection      = @saved_col_connection */;

--
-- Final view structure for view `prikaz_troskovi_oprema`
--

/*!50001 DROP VIEW IF EXISTS `prikaz_troskovi_oprema`*/;
/*!50001 SET @saved_cs_client          = @@character_set_client */;
/*!50001 SET @saved_cs_results         = @@character_set_results */;
/*!50001 SET @saved_col_connection     = @@collation_connection */;
/*!50001 SET character_set_client      = utf8 */;
/*!50001 SET character_set_results     = utf8 */;
/*!50001 SET collation_connection      = utf8_general_ci */;
/*!50001 CREATE ALGORITHM=UNDEFINED */
/*!50013 DEFINER=`root`@`localhost` SQL SECURITY DEFINER */
/*!50001 VIEW `prikaz_troskovi_oprema` AS select `n`.`Id` AS `Id`,`n`.`DISTRIBUTER_OPREME_Id` AS `DISTRIBUTER_OPREME_Id`,`tt`.`TRANSAKCIJA_Id` AS `TRANSAKCIJA_Id`,`t`.`Datum` AS `Datum`,`t`.`Iznos` AS `Iznos`,`t`.`Opis` AS `Opis`,`tip`.`Tip` AS `Tip`,`n`.`Datum` AS `nDatum` from (((`transakcija` `t` join `tip_transakcije` `tip`) join `narudzba` `n`) join `troskovi_oprema` `tt` on(((`t`.`Id` = `tt`.`TRANSAKCIJA_Id`) and (`tt`.`NARUDZBA_Id` = `n`.`Id`) and (`t`.`TIP_TRANSAKCIJE_Id` = `tip`.`Id`)))) where ((`n`.`Obrisan` = FALSE) and (`n`.`OpremaKluba` = TRUE)) */;
/*!50001 SET character_set_client      = @saved_cs_client */;
/*!50001 SET character_set_results     = @saved_cs_results */;
/*!50001 SET collation_connection      = @saved_col_connection */;

--
-- Final view structure for view `prikaz_troskovi_turnir`
--

/*!50001 DROP VIEW IF EXISTS `prikaz_troskovi_turnir`*/;
/*!50001 SET @saved_cs_client          = @@character_set_client */;
/*!50001 SET @saved_cs_results         = @@character_set_results */;
/*!50001 SET @saved_col_connection     = @@collation_connection */;
/*!50001 SET character_set_client      = utf8 */;
/*!50001 SET character_set_results     = utf8 */;
/*!50001 SET collation_connection      = utf8_general_ci */;
/*!50001 CREATE ALGORITHM=UNDEFINED */
/*!50013 DEFINER=`root`@`localhost` SQL SECURITY DEFINER */
/*!50001 VIEW `prikaz_troskovi_turnir` AS select `turnir`.`Id` AS `turnirId`,`turnir`.`Naziv` AS `Naziv`,`turnir`.`Datum` AS `turnirDatum`,`t`.`Id` AS `Id`,`t`.`Datum` AS `Datum`,`t`.`Iznos` AS `Iznos`,`t`.`Opis` AS `Opis`,`tip`.`Tip` AS `Tip` from (((`transakcija` `t` join `tip_transakcije` `tip`) join `turnir`) join `troskovi_turnir` `tt` on(((`t`.`Id` = `tt`.`TRANSAKCIJA_Id`) and (`tt`.`TURNIR_Id` = `turnir`.`Id`) and (`t`.`TIP_TRANSAKCIJE_Id` = `tip`.`Id`)))) */;
/*!50001 SET character_set_client      = @saved_cs_client */;
/*!50001 SET character_set_results     = @saved_cs_results */;
/*!50001 SET collation_connection      = @saved_col_connection */;

--
-- Final view structure for view `prikaz_uplata_turnir`
--

/*!50001 DROP VIEW IF EXISTS `prikaz_uplata_turnir`*/;
/*!50001 SET @saved_cs_client          = @@character_set_client */;
/*!50001 SET @saved_cs_results         = @@character_set_results */;
/*!50001 SET @saved_col_connection     = @@collation_connection */;
/*!50001 SET character_set_client      = utf8 */;
/*!50001 SET character_set_results     = utf8 */;
/*!50001 SET collation_connection      = utf8_general_ci */;
/*!50001 CREATE ALGORITHM=UNDEFINED */
/*!50013 DEFINER=`root`@`localhost` SQL SECURITY DEFINER */
/*!50001 VIEW `prikaz_uplata_turnir` AS select `o`.`Ime` AS `Ime`,`o`.`Prezime` AS `Prezime`,`o`.`Id` AS `osobaId`,`t`.`Iznos` AS `iznos`,`t`.`Datum` AS `datum`,`t`.`Opis` AS `opis`,`tip`.`Tip` AS `Tip`,`u`.`Id` AS `prijavaId`,`t`.`Id` AS `transakcijaId`,`u`.`TURNIR_Id` AS `TURNIR_Id` from ((((`osoba` `o` join `ucesnik_prijava` `u`) join `transakcija` `t`) join `tip_transakcije` `tip`) join `ucesce_na_turniru` `uc` on(((`o`.`Id` = `u`.`OSOBA_Id`) and (`u`.`Id` = `uc`.`UCESNIK_PRIJAVA_Id`) and (`t`.`Id` = `uc`.`TRANSAKCIJA_Id`) and (`t`.`TIP_TRANSAKCIJE_Id` = `tip`.`Id`)))) */;
/*!50001 SET character_set_client      = @saved_cs_client */;
/*!50001 SET character_set_results     = @saved_cs_results */;
/*!50001 SET collation_connection      = @saved_col_connection */;
/*!40103 SET TIME_ZONE=@OLD_TIME_ZONE */;

/*!40101 SET SQL_MODE=@OLD_SQL_MODE */;
/*!40014 SET FOREIGN_KEY_CHECKS=@OLD_FOREIGN_KEY_CHECKS */;
/*!40014 SET UNIQUE_CHECKS=@OLD_UNIQUE_CHECKS */;
/*!40101 SET CHARACTER_SET_CLIENT=@OLD_CHARACTER_SET_CLIENT */;
/*!40101 SET CHARACTER_SET_RESULTS=@OLD_CHARACTER_SET_RESULTS */;
/*!40101 SET COLLATION_CONNECTION=@OLD_COLLATION_CONNECTION */;
/*!40111 SET SQL_NOTES=@OLD_SQL_NOTES */;

-- Dump completed on 2018-01-12 16:17:32
